,ssc_name,total_persons
0,New South Wales,7988241
1,AARONS PASS,22
2,ABBOTSBURY,4444
3,ABBOTSFORD,5803
4,ABERCROMBIE,1154
5,ABERCROMBIE RIVER,23
6,ABERDARE,2661
7,ABERDEEN,2119
8,ABERFOYLE,105
9,ABERGLASSLYN,5869
10,ABERMAIN,2511
11,ABERNETHY,358
12,ABINGTON,12
13,ACACIA CREEK,39
14,ACACIA GARDENS,3968
15,ADAMINABY,316
16,ADAMSTOWN,6226
17,ADAMSTOWN HEIGHTS,5459
18,ADELONG,928
19,ADJUNGBILLY,86
20,AFTERLEE,51
21,AGNES BANKS,950
22,AIRDS,3008
23,AKOLELE,180
24,ALBERT,82
25,ALBION PARK,14174
26,ALBION PARK RAIL,6930
27,ALBURY,4929
28,ALDAVILLA,1270
29,ALECTOWN,168
30,WAMBROOK,48
31,WANAARING,143
32,ALEXANDRIA,9440
33,ALFORDS POINT,3238
34,ALFREDTOWN,114
35,ALICE,10
36,ALISON (CENTRAL COAST),97
37,ALISON (DUNGOG),78
38,ALLAMBIE HEIGHTS,7536
39,ALLANDALE,78
40,ALLAWAH,6048
41,ALLEENA,59
42,ALLGOMERA,129
43,ALLWORTH,165
44,ALLYNBROOK,67
45,ALMA PARK,57
46,ALPINE,147
47,ALSTONVALE,472
48,ALSTONVILLE,6011
49,ALUMY CREEK,89
50,AMAROO,49
51,AMBARVALE,7600
52,ASHBY ISLAND,15
53,ASHCROFT,3791
54,ASHFIELD,25664
55,ASHFORD,636
56,AMOSFIELD,31
57,ANABRANCH NORTH,6
58,ANABRANCH SOUTH,40
59,ANAMBAH,34
60,ANDO,70
61,ANEMBO,74
62,ANGLEDALE,157
63,ANGLEDOOL,56
64,ANGLERS REACH,94
65,ANGOURIE,225
66,ANNA BAY,3924
67,ANNANDALE,10167
68,ANNANGROVE,1443
69,APPIN,2982
70,APPLE TREE FLAT,41
71,APPLEBY,39
72,APPLETREE FLAT,18
73,APSLEY,117
74,ARABLE,16
75,ARAKOON,432
76,ARALUEN,177
77,ARATULA,7
78,ARCADIA,1437
79,ARCADIA VALE,1391
80,ARDGLEN,62
81,ARDING,208
82,ARDLETHAN,581
83,ARGALONG,30
84,ARGENTON,1375
85,ARGENTS HILL,227
86,ARGOON,16
87,ARIAH PARK,502
88,ARKELL,47
89,ARKSTONE,24
90,ARMATREE,153
91,ARMIDALE,24504
92,ARNCLIFFE,12904
93,ARNDELL PARK,35
94,ARRAWARRA,543
95,ARRAWARRA HEADLAND,596
96,ARTARMON,10574
97,ARTHURVILLE,40
98,ARUMPO,35
99,ASHBURY,3632
100,ASHBY,331
101,ASHBY HEIGHTS,238
102,ASHLEY,377
103,ASHMONT,3966
104,ASHTONFIELD,4839
105,ASQUITH,3895
106,ATHOLWOOD,82
107,ATTUNGA,574
108,AUBURN,41505
109,AUBURN VALE,133
110,AUSTINMER,2670
111,AUSTRAL,3142
112,AUSTRAL EDEN,151
113,AVALON BEACH,10430
114,AVISFORD,28
115,AVOCA,214
116,AVOCA BEACH,4829
117,AVON,0
118,AVONDALE,1722
119,AVONSIDE,125
120,AWABA,415
121,AYLMERTON,205
122,BAAN BAA,168
123,BABINDA,3
124,BABYL CREEK,9
125,BACK CREEK (BLAND),51
126,BACK CREEK (GWYDIR),17
127,BACK CREEK (MID-COAST),20
128,BACK CREEK (QUEANBEYAN-PALERANG REGIONAL),12
129,BACK CREEK (TENTERFIELD),11
130,BACK CREEK (TWEED),13
131,BACK FOREST,86
132,BACKMEDE,151
133,BACKWATER,13
134,BADGERYS CREEK,224
135,BADJA,7
136,BAERAMI,68
137,BAERAMI CREEK,51
138,BAGNOO,41
139,BAGO,39
140,BAGOTVILLE,51
141,BAKERS CREEK (MID-COAST),38
142,BAKERS CREEK (NAMBUCCA),17
143,BAKERS CREEK (URALLA),13
144,BAKERS SWAMP,54
145,BALACLAVA,558
146,BALALA,142
147,BALCOLYN,1029
148,BALD BLAIR,49
149,BALD HILLS,273
150,BALD NOB,12
151,BALD RIDGE,6
152,BALDERSLEIGH,53
153,BALDRY,99
154,BALFOURS PEAK,38
155,BALGOWLAH,8532
156,BALGOWLAH HEIGHTS,3621
157,BALGOWNIE,5777
158,BALICKERA,25
159,BALLADORAN,110
160,BALLALABA,21
161,BALLDALE,162
162,BALLENGARRA,98
163,BALLIMORE,209
164,BALLINA,9117
165,BALLYROE,6
166,BALMAIN,11470
167,BALMAIN EAST,2131
168,BALMORAL (LAKE MACQUARIE),750
169,BALMORAL (WINGECARRIBEE),447
170,BALRANALD,1365
171,BAMARANG,28
172,BANDA BANDA,0
173,BANDON GROVE,123
174,BANGADANG,13
175,BANGALEE,685
176,BANGALOW,2211
177,BANGHEET,41
178,BANGO,100
179,BANGOR,5697
180,BANKSIA,3793
181,BANKSMEADOW,21
182,BANKSTOWN,34408
183,BANKSTOWN AERODROME,0
184,BANNABY,38
185,BANNISTER,125
186,BANOON,26
187,BANORA POINT,16619
188,BANYABBA,52
189,BAR BEACH,1419
190,BAR POINT,69
191,BARA,28
192,BARADINE,766
193,BARANGAROO,221
194,BARCOONGERE,0
195,BARDEN RIDGE,4443
196,BARDIA,1902
197,BARDWELL PARK,2418
198,BARDWELL VALLEY,2907
199,BARELLAN,552
200,BARGO,4551
201,BARHAM,1543
202,BASS HILL,9834
203,BASSENDEAN,2
204,BATAR CREEK,86
205,BATEAU BAY,12407
206,BATEHAVEN,1769
207,BATEMANS BAY,1583
208,BATHAMPTON,36
209,BATHURST,7226
210,BATLOW,1346
211,BAULKHAM HILLS,39827
212,BAW BAW,278
213,BAWLEY POINT,758
214,BAXTERS RIDGE,0
215,BAYVIEW,3877
216,BEACON HILL,7951
217,BEACONSFIELD,1188
218,BEAN CREEK,77
219,BEARBONG,59
220,BEAUMONT,130
221,BEAUMONT HILLS,10002
222,BECKOM,129
223,BECTIVE,216
224,BECTRIC,56
225,BEDGERABONG,153
226,BEECHWOOD,657
227,BEECROFT,10127
228,BARIGAN,6
229,BARKERS VALE,168
230,BARMEDMAN,464
231,BARNEYS REEF,0
232,BARNSLEY,1815
233,BAROOGA,1885
234,BARRABA,1457
235,BARRACK HEIGHTS,6125
236,BARRACK POINT,766
237,BARRAGANYATTI,143
238,BARRAGGA BAY,100
239,BARRATTA,3
240,BARREN GROUNDS,1
241,BARRENGARRY,203
242,BARRETTS CREEK,10
243,BARRINGELLA,32
244,BARRINGTON,377
245,BARRINGTON TOPS,1
246,BARRY (BLAYNEY),168
247,BARRY (UPPER HUNTER SHIRE),5
248,BARWANG,83
249,BARWON,32
250,BARYULGIL,97
251,BASIN VIEW,1644
252,BEECROFT PENINSULA,0
253,BEELBANGERA,415
254,BEEMUNNEL,13
255,BEGA,4791
256,BEGGAN BEGGAN,98
257,BELANGLO,26
258,BELBORA,125
259,BELFIELD,6645
260,BELFORD,187
261,BELFRAYDEN,31
262,BELGRAVIA,119
263,BELIMBLA PARK,632
264,BELL,49
265,BELLA VISTA,8460
266,BELLAMBI,4138
267,BELLANGRY,101
268,BELLATA,353
269,BELLAWONGARAH,131
270,BELLBIRD,2183
271,BELLBIRD HEIGHTS,832
272,BELLBROOK,278
273,BELLEVUE HILL,11644
274,BELLIMBOPINNI,119
275,BELLINGEN,3910
276,BELLMOUNT FOREST,123
277,BELLTREES,29
278,BELMONT,7369
279,BELMONT NORTH,6543
280,BELMONT SOUTH,1080
281,BELMORE,13602
282,BELMORE RIVER,274
283,BELOKA,21
284,BELOWRA,8
285,BELROSE,9183
286,BEMBOKA,574
287,BEN BULLEN,107
288,BEN LOMOND,153
289,BENANDARAH,174
290,BENDALONG,94
291,BENDEMEER,505
292,BENDICK MURRELL,157
293,BENDOLBA,218
294,BENDOURA,72
295,BENEREMBAH,135
296,BENGALLA,23
297,BENNETTS GREEN,11
298,BENOLONG,50
299,BENSVILLE,2639
300,BENTLEY,199
301,BERALA,9747
302,BERAMBING,110
303,BERESFIELD,3278
304,BERGALIA,177
305,BERKELEY,8068
306,BERKELEY VALE,8603
307,BERKSHIRE PARK,2216
308,BERLANG,0
309,BERMAGUI,1557
310,BEROWRA,4860
311,BEROWRA CREEK,17
312,BEROWRA HEIGHTS,5475
313,BEROWRA WATERS,122
314,BERRAMBOOL,473
315,BERRARA,310
316,BERREMANGRA,94
317,BERRICO,37
318,BERRIDALE,1264
319,BERRIGAL,35
320,BERRIGAN,1303
321,BERRILEE,230
322,BERRIMA,714
323,BERRINGER LAKE,28
324,BERRY,2740
325,BERRY JERRY,81
326,BERRY MOUNTAIN,26
327,BERRY PARK,238
328,BERTHONG,47
329,BERYL,134
330,BETHUNGRA,173
331,BEVENDALE,46
332,BEVERLEY PARK,2634
333,BEVERLY HILLS,10862
334,BEWONG,81
335,BEXHILL,527
336,BEXLEY,21251
337,BEXLEY NORTH,4444
338,BIALA,61
339,BIBBENLUKE,87
340,BIDDON,97
341,BIDGEEMIA,32
342,BIDWILL,4322
343,BIELSDOWN HILLS,101
344,BIG HILL,49
345,BIG JACKS CREEK,56
346,BIG RIDGE,12
347,BIG SPRINGS,130
348,BIGGA,253
349,BILAMBIL,430
350,BILAMBIL HEIGHTS,3497
351,BILBUL,571
352,BILLEROY,40
353,BILLILINGRA,10
354,BILLIMARI,154
355,BILLINUDGEL,235
356,BILLYS CREEK,57
357,BILLYWILLINGA,201
358,BILPIN,698
359,BIMBERI,0
360,BIMBI,115
361,BIMBIMBIE,121
362,BINALONG,562
363,BINDA,288
364,BINDERA,32
365,BINGARA,1508
366,BINGEEBEEBRA CREEK,34
367,BINGIE,210
368,BINGLEBURRA,27
369,BINIGUY,153
370,BINJURA,329
371,BINNA BURRA,236
372,BINNAWAY,616
373,BINYA,145
374,BIRCHGROVE,3594
375,BIRDWOOD,45
376,BIRGANBIGIL,53
377,BIRMINGHAM GARDENS,2656
378,BIRRIWA,53
379,BIRRONG,3343
380,BISHOPS BRIDGE,266
381,BITHRAMERE,173
382,BLACK CREEK (PORT MACQUARIE-HASTINGS),51
383,BLACK CREEK (SNOWY VALLEYS),18
384,BLACK HEAD,926
385,BLACK HILL,567
386,BLACK HOLLOW,22
387,BLACK MOUNTAIN,321
388,BLACK RANGE,217
389,BLACK SPRINGS,225
390,BLACKALLS PARK,2879
391,BLACKBUTT,3436
392,BLACKETT,3596
393,BLACKHEATH,4543
394,BLACKMANS FLAT,30
395,BLACKMANS POINT,173
396,BLACKSMITHS,1885
397,BLACKTOWN,49662
398,BLACKVILLE,119
399,BLACKWALL,1969
400,BILGOLA BEACH,251
401,BILGOLA PLATEAU,3757
402,BLAIR ATHOL,3173
403,BLAIRMOUNT,437
404,BLAKEBROOK,154
405,BLAKEHURST,6693
406,BLAKNEY CREEK,67
407,BLAND,43
408,BLANDFORD,183
409,BLAXLAND,7699
410,BLAXLANDS CREEK,119
411,BLAXLANDS RIDGE,518
412,BLAYNEY,3399
413,BLIGH PARK,6513
414,BLIGHTY,139
415,BLOWERING,0
416,BLUE BAY,1041
417,BLUE HAVEN,6609
418,BLUE KNOB,229
419,BLUE MOUNTAINS NATIONAL PARK,1
420,BLUE NOBBY,27
421,BLUE VALE,63
422,BLUEYS BEACH,194
423,BOAMBEE,1697
424,BOAMBEE EAST,5381
425,BOAMBOLO,60
426,BOAT HARBOUR (LISMORE),153
427,BOAT HARBOUR (PORT STEPHENS),1049
428,BOBADAH,13
429,BOBIN,155
430,BOBS CREEK,93
431,BOBS FARM,446
432,BOBUNDARA,17
433,BOCO,2
434,BOCOBLE,160
435,BOCOBRA,51
436,BODALLA,752
437,BODANGORA,83
438,BOEILL CREEK,105
439,BOGAN,13
440,BOGAN GATE,291
441,BOGANGAR,3201
442,BOGEE,83
443,BOGGABILLA,1003
444,BOGGABRI,1098
445,BOGONG PEAKS WILDERNESS,0
446,BOHENA CREEK,175
447,BOHNOCK,70
448,BOLARO,42
449,BOLIVIA,67
450,BOLONG,108
451,BOLTON POINT,2155
452,BOOKRAM,0
453,BOOLAMBAYTE,86
454,BOOLAROO,1045
455,BOOLCARROLL,14
456,BOOLIGAL,97
457,BOOLIJAH,0
458,BOOMANOOMANA,98
459,BOOMERANG BEACH,313
460,BOOMEY,76
461,BOOMI,207
462,BOOMI CREEK,18
463,BOONA MOUNT,22
464,BOONAL,43
465,BOONOO BOONOO,16
466,BOORABEE PARK,105
467,BOORAGUL,1305
468,BOORAL,408
469,BOORGA,12
470,BOORGANNA,27
471,BOOROLONG,88
472,BOLWARRA,1068
473,BOLWARRA HEIGHTS,3187
474,BOM BOM,2
475,BOMADERRY,6863
476,BOMBAH POINT,15
477,BOMBALA,1403
478,BOMBAY,130
479,BOMBIRA,362
480,BOMBO,118
481,BOMBOWLEE,293
482,BOMBOWLEE CREEK,54
483,BOMEN,28
484,BOMERA,36
485,BONALBO,373
486,BONDI,10977
487,BONDI BEACH,13233
488,BONDI FOREST,2
489,BONDI JUNCTION,10392
490,BONNELLS BAY,3874
491,BONNET BAY,2309
492,BONNY HILLS,3207
493,BONNYRIGG,9165
494,BONNYRIGG HEIGHTS,7692
495,BONSHAW,133
496,BONVILLE,2613
497,BOOERIE CREEK,174
498,BOOK BOOK,103
499,BOOKER BAY,1355
500,BOOKHAM,170
501,BOOKOOKOORARA,28
502,BOOROOK,30
503,BOOROOMA,958
504,BOOROORBAN,36
505,BOOROWA,1607
506,BOOTAWA,179
507,BOOTI BOOTI,0
508,BOOYONG,82
509,BORA RIDGE,114
510,BORAH CREEK,34
511,BORAMBOLA,113
512,BORDER RANGES,0
513,BOREE,107
514,BOREE CREEK,208
515,BORENORE,482
516,BORO,98
517,BOSSLEY PARK,15339
518,BOSTOBRICK,136
519,BOTANY,12439
520,BOTOBOLAR,89
521,BOTTLE CREEK,22
522,BOUDDI,5
523,BOURBAH,38
524,BOURKE,1923
525,BOURKELANDS,2971
526,BOURNDA,164
527,BOURNEWOOD,55
528,BOW BOWING,1737
529,BOWAN PARK,127
530,BOWEN MOUNTAIN,1654
531,BOWENFELS,2080
532,BOWLING ALLEY POINT,30
533,BOWMAN,145
534,BOWMAN FARM,46
535,BOWMANS CREEK,12
536,BOWNA,111
537,BOWNING,610
538,BOWRAL,10695
539,BOWRAVILLE,1125
540,BOX HEAD,0
541,BOX HILL,967
542,BOX RIDGE,46
543,BOXERS CREEK,236
544,BOYDTOWN,71
545,BRADBURY,9230
546,BRAEFIELD,67
547,BRAEMAR,475
548,BRAEMAR BAY,20
549,BRAIDWOOD,1783
550,BRANDY HILL,682
551,BRANXTON,2152
552,BRAUNSTONE,301
553,BRAWBOY,19
554,BRAY PARK,824
555,BRAYS CREEK,72
556,BRAYTON,179
557,BREADALBANE,102
558,BREAKFAST CREEK,48
559,BREAKFAST POINT,4595
560,BREAM BEACH,13
561,BREDBO,351
562,BREELONG,60
563,BREEZA,149
564,BRETTI,26
565,BREWARRINA,1187
566,BREWONGLE,124
567,BRIARBROOK,11
568,BRIBBAREE,134
569,BRIDGMAN,215
570,BRIERFIELD,364
571,BRIGHTON-LE-SANDS,9067
572,BRIGHTWATERS,939
573,BRIL BRIL,0
574,BRIMBIN,59
575,BRINDABELLA,25
576,BRINERVILLE,0
577,BRINGELLY,2812
578,BRINGENBRONG,51
579,BRISBANE GROVE,135
580,BROADMEADOW,1663
581,BROADWATER (BEGA VALLEY),122
582,BROADWATER (RICHMOND VALLEY),665
583,BROADWAY,41
584,BROBENAH,18
585,BROCKLEHURST,379
586,BROCKLESBY,189
587,BROCKLEY,41
588,BRODIES PLAINS,56
589,BROGANS CREEK,9
590,BROGERS CREEK,42
591,BROGO,529
592,BROKE,600
593,BROKEN HEAD,308
594,BROKEN HILL,17836
595,BROMBIN,115
596,BRONTE,7390
597,BROOKDALE,28
598,BROOKFIELD,208
599,BROOKLANA,45
600,BROOKLET,269
601,BROOKLYN,736
602,BROULEE,1801
603,BROWNLOW HILL,449
604,BROWNS CREEK,101
605,BROWNS MOUNTAIN,21
606,BROWNSVILLE,576
607,BRUCEDALE,184
608,BRUIE PLAINS,46
609,BRUINBUN,46
610,BRUMBY PLAINS,2
611,BRUNDEE,49
612,BRUNGLE,110
613,BRUNGLE CREEK,30
614,BRUNKERVILLE,214
615,BRUNSWICK HEADS,1815
616,BRUSHGROVE,198
617,BRUSHY CREEK,24
618,BUANGLA,0
619,BUCCA,580
620,BUCCA WAUKA,91
621,BUCCARUMBI,20
622,BUCHANAN,207
623,BUCKAJO,299
624,BUCKAROO,132
625,BUCKENBOWRA,17
626,BUCKENDERRA,23
627,BUCKENDOON,38
628,BUCKETTY,198
629,BUCKRA BENDINNI,102
630,BUDAWANG,15
631,BUDDABADAH,50
632,BUDDEN,20
633,BUDDEROO,0
634,BUDDONG,0
635,BUDGEE BUDGEE,202
636,BUDGEWOI,3448
637,BUDGEWOI PENINSULA,0
638,BUDGONG,70
639,BUFF POINT,3644
640,BUGALDIE,143
641,BUKALONG,1
642,BUKKULLA,140
643,BULAHDELAH,1447
644,BROOKONG,8
645,BROOKVALE,3511
646,BROOMAN,25
647,BROOMS HEAD,217
648,BROUGHAMS GATE,18
649,BROUGHTON,95
650,BROUGHTON VALE,172
651,BROUGHTON VILLAGE,89
652,BULEE,0
653,BULGA,359
654,BULGA FOREST,6
655,BULGARY,13
656,BULLA,5
657,BULLA CREEK,58
658,BULLABURRA,1275
659,BULLAGREEN,45
660,BULLARAH,114
661,BULLATALE,42
662,BULLAWA CREEK,106
663,BULLDOG,28
664,BULLI,6404
665,BULLIAC,46
666,BULLIO,88
667,BULYEROI,17
668,BUMBALDRY,103
669,BUMBALONG,25
670,BUNDABAH,109
671,BUNDAGEN,138
672,BUNDANOON,2835
673,BUNDARRA,696
674,BUNDEENA,2037
675,BUNDELLA,71
676,BUNDEMAR,41
677,BUNDEWALLAH,47
678,BUNDOOK,101
679,BUNDURE,7
680,BUNGABA,97
681,BUNGABBEE,0
682,BUNGALORA,70
683,BUNGARBY,75
684,BUNGARRIBEE,2993
685,BUNGAWALBIN,123
686,BUNGENDORE,4594
687,BUNGONIA,392
688,BUNGOWANNAH,170
689,BUNGWAHL,235
690,BUNNALOO,101
691,BUNNAN,106
692,BUNYAH,146
693,BUNYAN,162
694,BURCHER,83
695,BUREEN,59
696,BURNT BRIDGE,157
697,BURNT YARDS,32
698,BURONGA,1240
699,BURRA (QUEANBEYAN-PALERANG REGIONAL),852
700,BURRA (SNOWY VALLEYS),67
701,BURRA CREEK,83
702,CABARITA,2126
703,CABARITA BEACH,115
704,CABBAGE TREE ISLAND (BALLINA),82
705,CABBAGE TREE ISLAND (MID-COAST),9
706,CABRAMATTA,22797
707,CABRAMATTA WEST,7696
708,CABRAMURRA,34
709,CADDENS,1669
710,CADGEE,44
711,CADIA,1
712,CAFFREYS FLAT,53
713,CAIRNCROSS,5
714,CALALA,4042
715,CALAMIA,13
716,BURRABOI,63
717,BURRADOO,2793
718,BURRAGA,94
719,BURRAGATE,103
720,BURRANDANA,22
721,BURRANEER,3835
722,BURRANGONG,241
723,BURRAPINE,58
724,BURRAWANG,381
725,BURRELL CREEK,231
726,BURREN JUNCTION,272
727,BURRIER,49
728,BURRILL LAKE,1586
729,BURRINGBAR,899
730,BURRINJUCK,19
731,BURROWAY,122
732,BURRUMBUTTOCK,386
733,BURRUNDULLA,153
734,BURWOOD,17500
735,BURWOOD HEIGHTS,1060
736,BUSBY,4519
737,BUSBYS FLAT,35
738,BUSHELLS RIDGE,16
739,BUTTABA,1153
740,BUTTAI,59
741,BUTTERWICK,140
742,BUXTON,2162
743,BYABARRA,345
744,BYADBO WILDERNESS,0
745,BYANGUM,141
746,BYLONG,22
747,BYNG,53
748,BYROCK,48
749,BYRON BAY,6123
750,BYRRILL CREEK,131
751,BYWONG,1409
752,CALDERWOOD,186
753,CALDWELL,32
754,CALGA,151
755,CALIFAT,12
756,CALIMO,69
757,CALLAGHAN,1464
758,CALLAGHANS CREEK,7
759,CALLALA BAY,2269
760,CALLALA BEACH,830
761,CALLIOPE,104
762,CALOOLA,89
763,CAMBALONG,0
764,CAMBERWELL,85
765,CAMBEWARRA,250
766,CAMBEWARRA VILLAGE,1176
767,CAMBOON,39
768,CAMBRA,28
769,CAMBRIDGE GARDENS,2052
770,CAMBRIDGE PARK,6966
771,CAMBRIDGE PLATEAU,2
772,CAMDEN,3333
773,CAMDEN HEAD,162
774,CAMDEN PARK,2330
775,CAMDEN SOUTH,4706
776,CAMELLIA,0
777,CAMERON PARK,8774
778,CAMERONS CREEK,49
779,CAMIRA,31
780,CAMMERAY,7589
781,CAMP CREEK,22
782,CAMPBELLTOWN,14193
783,CAMPERDOWN,11911
784,CAMPSIE,26832
785,CAMPVALE,42
786,CAMS WHARF,145
787,CANADA BAY,1316
788,CANADIAN LEAD,13
789,CANBELEGO,41
790,CANDELO,701
791,CANGAI,38
792,CANIABA,677
793,CANLEY HEIGHTS,11646
794,CANLEY VALE,10757
795,CANOBOLAS,463
796,CANOELANDS,181
797,CANONBA,22
798,CANOWINDRA,2295
799,CANTERBURY,8245
800,CANTON BEACH,1260
801,CANYONLEIGH,424
802,CAPARRA,76
803,CAPEEN CREEK,8
804,CAPERTEE,151
805,CAPOOMPETA,2
806,CAPTAINS FLAT,667
807,CARABOST,53
808,CARAGABAL,184
809,CARCALGONG,45
810,CARCOAR,303
811,CARDIFF,6002
812,CARDIFF HEIGHTS,1494
813,CARDIFF SOUTH,2937
814,CAREY BAY,916
815,CARGO,612
816,CARINDA,156
817,CARINGBAH,12488
818,CARINGBAH SOUTH,12892
819,CARLAMINDA,40
820,CARLINGFORD,27140
821,CARLTON,11609
822,CARNES HILL,2335
823,CARNHAM,9
824,CAROOL,181
825,CAROONA,206
826,CARRABOLLA,7
827,CARRAI,1
828,CARRAMAR,3761
829,CARRATHOOL,243
830,CARRICK,137
831,CARRINGTON (MID-COAST),30
832,CARRINGTON (NEWCASTLE),2066
833,CARRINGTON FALLS,20
834,CARROLL,335
835,CARROWBROOK,38
836,CARRS CREEK,137
837,CARRS ISLAND,11
838,CARRS PENINSULA,23
839,CARSS PARK,1322
840,CARTWRIGHT,2528
841,CARTWRIGHTS HILL,213
842,CARWELL,18
843,CARWOOLA,1523
844,CASCADE,7
845,CASINO,11227
846,CASSILIS,316
847,CASTLE COVE,2664
848,CASTLE DOYLE,162
849,CASTLE HILL,41430
850,CASTLE ROCK,174
851,CASTLECRAG,3065
852,CAWONGLA,193
853,CECIL HILLS,7306
854,CECIL PARK,848
855,CEDAR BRUSH CREEK,119
856,CEDAR CREEK (CESSNOCK),33
857,CEDAR CREEK (TWEED),22
858,CEDAR PARTY,363
859,CEDAR POINT,176
860,CELLS RIVER,1
861,CENTENNIAL PARK,2548
862,CENTRAL COLO,31
863,CENTRAL MACDONALD,54
864,CENTRAL MANGROVE,279
865,CENTRAL TILBA,293
866,CESSNOCK,16131
867,CHAELUNDI,0
868,CHAIN VALLEY BAY,2575
869,CHAKOLA,50
870,CHAMBIGNE,58
871,CHARBON,128
872,CHARLES STURT UNIVERSITY,380
873,CHARLESTOWN,13397
874,CHARLEYS FOREST,68
875,CHARLOTTE BAY,180
876,CHARLTON,24
877,CHARMHAVEN,2594
878,CHATHAM VALLEY,24
879,CHATSBURY,95
880,CHATSWOOD,27015
881,CHATSWOOD WEST,1659
882,CHATSWORTH,169
883,CHEERO POINT,90
884,CHELTENHAM,2334
885,CHERRY TREE HILL,67
886,CHERRYBROOK,19440
887,CHESTER HILL,13857
888,CASTLEREAGH,1310
889,CASUARINA,2979
890,CASULA,16821
891,CATALINA,2423
892,CATARACT,5
893,CATHCART,111
894,CATHERINE FIELD,2567
895,CATHERINE HILL BAY,165
896,CATHUNDRAL,46
897,CATTAI,821
898,CATTLE CREEK,33
899,CAVAN,52
900,CAVES BEACH,4171
901,CAWDOR,480
902,CHICHESTER,27
903,CHIFLEY,3538
904,CHILCOTTS CREEK,5
905,CHILCOTTS GRASS,235
906,CHILLINGHAM,238
907,CHINDERAH,1741
908,CHINNOCK,22
909,CHIPPENDALE,10097
910,CHIPPING NORTON,9756
911,CHISHOLM,1878
912,CHISWICK,3170
913,CHITTAWAY BAY,2061
914,CHITTAWAY POINT,969
915,CHOWAN CREEK,36
916,CHULLORA,0
917,CHURCH POINT,1045
918,CLANDULLA,193
919,CLARE,18
920,CLAREMONT MEADOWS,5344
921,CLARENCE,209
922,CLARENCE TOWN,2097
923,CLARENDON,127
924,CLARENZA,553
925,CLAREVILLE,764
926,CLAYMORE,2697
927,CLEAR CREEK,120
928,CLEAR RANGE,35
929,CLEARFIELD,7
930,CLEMTON PARK,1802
931,CLERGATE,220
932,CLEVELAND,22
933,CLIFDEN,29
934,CLIFTLEIGH,917
935,CLIFTON,31
936,CLIFTON GROVE,913
937,CLONTARF,1835
938,CLOTHIERS CREEK,286
939,CLOUDS CREEK,4
940,CLOVELLY,5260
941,CLUNES,901
942,CLYBUCCA,145
943,CLYDE,6
944,CLYDESDALE,83
945,COAL POINT,1777
946,COALCLIFF,200
947,COALDALE,63
948,COASTERS RETREAT,48
949,COBAKI,210
950,COBAKI LAKES,44
951,COBAR,4050
952,COMBOYNE,478
953,COME BY CHANCE,123
954,COMERONG ISLAND,14
955,COMMISSIONERS CREEK,65
956,COMO,4140
957,COMOBELLA,63
958,CONARGO,124
959,CONCORD,15818
960,COBAR PARK,41
961,COBARGO,790
962,COBARK,44
963,COBBADAH,90
964,COBBITTY,3038
965,COBRAMUNGA,33
966,COCKWHY,18
967,CODRINGTON,68
968,COFFEE CAMP,214
969,COFFS HARBOUR,26877
970,COGGAN,7
971,COGRA BAY,17
972,COILA,51
973,COLDSTREAM,45
974,COLEAMBALLY,1354
975,COLEBEE,2693
976,COLEDALE,1320
977,COLINROOBIE,66
978,COLINTON,133
979,COLLARENEBRI,647
980,COLLAROY,8429
981,COLLAROY PLATEAU,5116
982,COLLECTOR,335
983,COLLENDINA,107
984,COLLERINA,49
985,COLLIE,193
986,COLLINGULLIE,235
987,COLLINGWOOD,43
988,COLLINS CREEK,134
989,COLLOMBATTI,667
990,COLLUM COLLUM,0
991,COLLY BLUE,33
992,COLO (BATHURST REGIONAL),6
993,COLO (HAWKESBURY),64
994,COLO HEIGHTS,348
995,COLO VALE,1711
996,COLONGRA,0
997,COLYTON,8856
998,COMARA,18
999,COMBANING,110
1000,COMBARA,79
1001,COMBERTON,30
1002,CONCORD WEST,6409
1003,CONDELL PARK,12836
1004,CONDOBOLIN,3501
1005,CONDONG,317
1006,CONEAC,22
1007,CONGARINNI,342
1008,CONGARINNI NORTH,375
1009,CONGEWAI,192
1010,CONGO,259
1011,CONIMBIA,12
1012,CONISTON,2440
1013,CONJOLA,149
1014,CONJOLA PARK,367
1015,CONNELLS POINT,3029
1016,CONSTITUTION HILL,4205
1017,COOGEE,16798
1018,COOKAMIDGERA,161
1019,COOKARDINIA,70
1020,COOKS GAP,560
1021,COOKS HILL,4051
1022,COOKS MYALLS,48
1023,COOLABAH,71
1024,COOLAC,217
1025,COOLAGOLITE,282
1026,COOLAH,1314
1027,COOLAMON,2164
1028,COOLANGATTA,342
1029,COOLANGUBRA,0
1030,COOLATAI,127
1031,COOLEMAN,0
1032,COOLEYS CREEK,9
1033,COOLGARDIE,130
1034,COOLONGOLOOK,405
1035,COOLRINGDON,70
1036,COOLUMBOOKA,4
1037,COOLUMBURRA,2
1038,COOMA,6815
1039,COOMBA BAY,129
1040,COOMBA PARK,661
1041,COOMBADJHA,18
1042,COOMBELL,21
1043,COOMEALLA,851
1044,COOMOO COOMOO,10
1045,COONABARABRAN,3287
1046,COONAMBLE,2817
1047,COONGBAR,4
1048,COOPERABUNG,314
1049,COOPERNOOK,541
1050,COOPERS GULLY,169
1051,COOPERS SHOOT,287
1052,COOPLACURRIPA,13
1053,COORABELL,476
1054,COORANBONG,5838
1055,COOTAMUNDRA,6893
1056,COOTRALANTRA,99
1057,COOYAL,114
1058,COPACABANA,2904
1059,COPE,131
1060,COPELAND,68
1061,COPETON,50
1062,COPMANHURST,291
1063,COPPABELLA,11
1064,COPPERHANNIA,6
1065,CORAKI,1297
1066,CORALVILLE,141
1067,CORAMBA,850
1068,CORANG,12
1069,CORANGULA,21
1070,CORBIE HILL,233
1071,CORDEAUX,0
1072,CORDEAUX HEIGHTS,4646
1073,COREE,39
1074,COREEN,115
1075,CORINDI BEACH,1801
1076,CORINELLA,77
1077,CORLETTE,5621
1078,CORNDALE,347
1079,CORNEY TOWN,77
1080,CORNWALLIS,54
1081,COROBIMILLA,73
1082,COROWA,5486
1083,CORRABARE,13
1084,CORRIMAL,6745
1085,CORRONG,4
1086,CORROWONG,12
1087,CORUNNA,65
1088,COTTAGE POINT,103
1089,COTTONVALE,25
1090,COUGAL,35
1091,COUNTEGANY,33
1092,COURABYRA,97
1093,COURADDA,54
1094,COURAGAGO,8
1095,COURIDJAH,329
1096,COUTTS CROSSING,1101
1097,COW FLAT,67
1098,COWABBIE,14
1099,COWAN,654
1100,COWPER,92
1101,COWRA,10253
1102,CROOBLE,66
1103,CROOBYAR,166
1104,CROOKED CORNER,60
1105,CROOKWELL,2737
1106,CROOM,123
1107,CROPPA CREEK,123
1108,CROSS ROADS,21
1109,CROSSLANDS,602
1110,CROUDACE BAY,588
1111,CROWDY BAY NATIONAL PARK,3
1112,CROWDY HEAD,75
1113,CROWS NEST,5274
1114,CROWTHER,57
1115,CROWTHER ISLAND,0
1116,CROYDON,11667
1117,CROYDON PARK,11687
1118,CRUDINE,67
1119,CRYON,45
1120,CRYSTAL CREEK,263
1121,CUBBA,35
1122,CUDAL,563
1123,CUDGEGONG,43
1124,CUDGEL,32
1125,CUDGEN,948
1126,CUDGERA CREEK,370
1127,CUDMIRRAH,272
1128,CULBURRA BEACH,2991
1129,CULCAIRN,1508
1130,CULLEN BULLEN,288
1131,CULLENBONE,35
1132,COXS CREEK,56
1133,COXS CROWN,10
1134,CRABBES CREEK,312
1135,CRACKENBACK,196
1136,CRAIGIE,28
1137,CRANEBROOK,17542
1138,CRANGAN BAY,3
1139,CRAVEN,122
1140,CRAVEN PLATEAU,4
1141,CRAWFORD RIVER,46
1142,CRAWNEY,36
1143,CREEWAH,33
1144,CREMORNE,12155
1145,CREMORNE POINT,2565
1146,CRESCENT HEAD,1559
1147,CRESTWOOD,4885
1148,CRINGILA,2304
1149,CROKI,47
1150,CROMER,8089
1151,CRONULLA,19496
1152,CULLENDORE,16
1153,CULLERIN,39
1154,CULLIVEL,16
1155,CULMARAN CREEK,10
1156,CUMBALUM,1596
1157,CUMBANDRY,17
1158,CUMBERLAND REACH,182
1159,CUMBO,13
1160,CUMBORAH,245
1161,CUMNOCK,449
1162,CUNDLE FLAT,14
1163,CUNDLETOWN,2119
1164,CUNDUMBUL,40
1165,CUNJURONG POINT,77
1166,CUNNINGAR,143
1167,CUNNINYEUK,34
1168,CURBAN,130
1169,CURL CURL,2581
1170,CURLEW WATERS,17
1171,CURLEWIS,782
1172,CURLWAA,399
1173,CURRA CREEK,74
1174,CURRABUBULA,348
1175,CURRAGH,0
1176,CURRAMORE,204
1177,CURRANS HILL,5815
1178,CURRARONG,464
1179,CURRAWANG,194
1180,CURRAWARNA,199
1181,CURRAWEELA,46
1182,CURRICABARK,11
1183,CURROWAN,57
1184,CUTTABRI,41
1185,CUTTAGEE,57
1186,DABEE,39
1187,DACEYVILLE,1285
1188,DAIRY ARM,29
1189,DAIRY FLAT,17
1190,DAIRYMANS PLAINS,156
1191,DALEYS POINT,676
1192,DALGETY,210
1193,DALMENY,1991
1194,DALMORTON,4
1195,DALSWINTON,52
1196,DALTON,207
1197,DALWOOD (BALLINA),235
1198,DALWOOD (SINGLETON),114
1199,DANDALOO,38
1200,DANDRY,94
1201,DANGAR ISLAND,328
1202,DHARRUK,2853
1203,DHULURA,47
1204,DANGARSLEIGH,154
1205,DANGELONG,5
1206,DAPTO,11223
1207,DARAWANK,430
1208,DARBALARA,53
1209,DARBYS FALLS,252
1210,DARETON,537
1211,DARGAN,102
1212,DARK CORNER,20
1213,DARKES FOREST,121
1214,DARKWOOD,186
1215,DARLING POINT,4516
1216,DARLINGHURST,12728
1217,DARLINGTON (SINGLETON),379
1218,DARLINGTON (SYDNEY),3499
1219,DARLINGTON POINT,1132
1220,DARLOW,36
1221,DARTBROOK,112
1222,DARUKA,819
1223,DAVIDSON,2991
1224,DAVIS CREEK,18
1225,DAVISTOWN,2630
1226,DAWES POINT,416
1227,DAYSDALE,100
1228,DEAN PARK,3348
1229,DEAUVILLE,29
1230,DEBENHAM,5
1231,DEE WHY,23407
1232,DEEP CREEK (CLARENCE VALLEY),8
1233,DEEP CREEK (KEMPSEY),91
1234,DEEP CREEK (KYOGLE),32
1235,DEEPWATER,452
1236,DEER VALE,160
1237,DELEGATE,356
1238,DELUNGRA,657
1239,DENHAM COURT,3330
1240,DENHAMS BEACH,660
1241,DENILIQUIN,8015
1242,DENISTONE,3998
1243,DENISTONE EAST,2410
1244,DENISTONE WEST,1021
1245,DENMAN,1814
1246,DEPOT BEACH,21
1247,DERRIWONG,38
1248,DEUA,0
1249,DEUA RIVER VALLEY,77
1250,DEVILS HOLE,19
1251,DEWITT,11
1252,DHURAGOON,26
1253,DIAMOND BEACH,942
1254,DIAMOND HEAD,2
1255,DIEHARD,43
1256,DIGGERS CAMP,20
1257,DIGNAMS CREEK,90
1258,DILKOON,53
1259,DILPURRA,23
1260,DINGO FOREST,0
1261,DINOGA,61
1262,DIRNASEER,81
1263,DIRTY CREEK,95
1264,DOBIES BIGHT,136
1265,DOCTOR GEORGE MOUNTAIN,61
1266,DOCTORS GAP,32
1267,DOG ROCKS,6
1268,DOLANS BAY,610
1269,DOLLS POINT,1799
1270,DOLLYS FLAT,75
1271,DOLPHIN POINT,216
1272,DOMBARTON,160
1273,DONALD CREEK,28
1274,DONDINGALONG,677
1275,DOON DOON,98
1276,DOONBAH,248
1277,DOONSIDE,14718
1278,DOORALONG,388
1279,DORA CREEK,1739
1280,DORRIGO,1170
1281,DORRIGO MOUNTAIN,97
1282,DORROUGHBY,149
1283,DOUBLE BAY,5074
1284,DOUBTFUL CREEK,141
1285,DOUGLAS PARK,1502
1286,DOVER HEIGHTS,4118
1287,DOWNSIDE,124
1288,DOYALSON,325
1289,DOYALSON NORTH,391
1290,DOYLES CREEK,47
1291,DOYLES RIVER,0
1292,DRAKE,343
1293,DRILDOOL,18
1294,DRIPSTONE,83
1295,DRUMMOYNE,12700
1296,DRY CREEK,34
1297,DRY PLAIN,39
1298,DUBBO,41381
1299,DUCK CREEK,59
1300,DUCKENFIELD,201
1301,DUCKMALOI,51
1302,DUDLEY,2455
1303,DUFFYS FOREST,506
1304,DULGUIGAN,133
1305,DULWICH HILL,15021
1306,DUM DUM,124
1307,DUMARESQ,80
1308,DUMARESQ ISLAND,62
1309,DUMARESQ VALLEY,40
1310,DUMBUDGERY,0
1311,DUNBIBLE,371
1312,DUNBOGAN,1071
1313,DUNCANS CREEK,55
1314,DUNDAS,5131
1315,DUNDAS VALLEY,5853
1316,DUNDEE,156
1317,DUNDURRABIN,93
1318,DUNEDOO,1221
1319,DUNGARUBBA,62
1320,DUNGAY,222
1321,DUNGEREE,2
1322,DUNGOG,2098
1323,DUNGOWAN,415
1324,DUNKELD,43
1325,DUNMORE,236
1326,DUNOLLY,90
1327,DUNOON,719
1328,DUNS CREEK,564
1329,DUNVILLE LOOP,10
1330,DURAL (HORNSBY),8015
1331,DURAL (SINGLETON),0
1332,DURAMANA,212
1333,DURANBAH,254
1334,DURI,545
1335,DUROBY,63
1336,DURRAN DURRA,111
1337,DURRAS NORTH,27
1338,DURREN DURREN,84
1339,DUVAL,2
1340,DYERS CROSSING,345
1341,DYRAABA,100
1342,DYRRING,93
1343,EAGLE VALE,6004
1344,EAGLETON,224
1345,EARLWOOD,19113
1346,EAST ALBURY,6621
1347,EAST BALLINA,5859
1348,EAST BRANXTON,1945
1349,EAST CORAKI,208
1350,EAST CORRIMAL,3516
1351,EAST GOSFORD,4437
1352,EDEN CREEK,154
1353,EDENSOR PARK,10321
1354,EDENVILLE,75
1355,EDGECLIFF,2778
1356,EDGEROI,109
1357,EDGEWORTH,6484
1358,EDITH,96
1359,EDMONDSON PARK,3624
1360,EDROM,0
1361,EENAWEENA,13
1362,EGLINTON,2268
1363,EIGHTEEN MILE,3
1364,ELANDS,208
1365,ELANORA HEIGHTS,4559
1366,ELCOMBE,35
1367,ELDERSLIE (CAMDEN),6944
1368,ELDERSLIE (SINGLETON),134
1369,ELEEBANA,5907
1370,ELERMORE VALE,5742
1371,ELIZABETH BAY,5938
1372,ELIZABETH BEACH,219
1373,ELIZABETH HILLS,2836
1374,ELLALONG,1181
1375,ELLAND,352
1376,EAST GRESFORD,329
1377,EAST HILLS,3450
1378,EAST JINDABYNE,719
1379,EAST KANGALOON,86
1380,EAST KEMPSEY,1392
1381,EAST KILLARA,3186
1382,EAST KURRAJONG,2270
1383,EAST LINDFIELD,4044
1384,EAST LISMORE,4960
1385,EAST LYNNE,99
1386,EAST MAITLAND,12319
1387,EAST RYDE,2582
1388,EAST SEAHAM,337
1389,EAST TAMWORTH,5651
1390,EAST WAGGA WAGGA,241
1391,EAST WARDELL,323
1392,EASTERN CREEK,870
1393,EASTGARDENS,937
1394,EASTLAKES,7872
1395,EASTWOOD,19306
1396,EATONSVILLE,227
1397,EBENEZER,1032
1398,EBOR,167
1399,ECCLESTON,38
1400,EDDERTON,0
1401,EDEN,3193
1402,ELLANGOWAN,338
1403,ELLENBOROUGH,194
1404,ELLERSLIE (SNOWY VALLEYS),52
1405,ELLERSLIE (WENTWORTH),92
1406,ELLERSTON,133
1407,ELLIS LANE,880
1408,ELONG ELONG,123
1409,ELRINGTON,119
1410,ELSMORE,357
1411,ELTHAM,335
1412,ELVINA BAY,90
1413,EMERALD BEACH,2416
1414,EMERALD HILL,140
1415,EMERTON,2313
1416,EMMAVILLE,527
1417,EMPIRE BAY,2498
1418,EMPIRE VALE,183
1419,EMU HEIGHTS,3369
1420,EMU PLAINS,8567
1421,EMU SWAMP,174
1422,ENDRICK,0
1423,ENFIELD,2977
1424,ENGADINE,17872
1425,ENGLORIE PARK,426
1426,ENMORE (ARMIDALE REGIONAL),54
1427,ENMORE (INNER WEST),4262
1428,ENNGONIA,152
1429,ENVIRONA,0
1430,EPPING,26740
1431,ERARING,225
1432,EREMERANG,21
1433,ERIGOLIA,49
1434,ERIN VALE,56
1435,ERINA,4952
1436,ERINA HEIGHTS,449
1437,ERMINGTON,11783
1438,EROWAL BAY,696
1439,ERROWANBANG,40
1440,ERSKINE PARK,6654
1441,ERSKINEVILLE,9128
1442,ERUDGERE,107
1443,ESCHOL PARK,2653
1444,ESK,0
1445,ESSINGTON,93
1446,ESTELLA,2558
1447,ETTALONG BEACH,4961
1448,ETTAMOGAH,49
1449,ETTREMA,0
1450,ETTRICK,134
1451,EUABALONG,192
1452,EUABALONG WEST,65
1453,EUBERTA,150
1454,EUCHAREENA,216
1455,EUCUMBENE,9
1456,EUGOWRA,820
1457,EULAH CREEK,75
1458,EUMUNGERIE,320
1459,EUNANOREENYA,201
1460,EUNGAI CREEK,435
1461,EUNGAI RAIL,232
1462,EUNGELLA,346
1463,EUREKA,374
1464,EURIMBLA,42
1465,EUROBODALLA,92
1466,EUROKA,369
1467,EUROLEY,77
1468,EURONGILLY,127
1469,EURUNDEREE,166
1470,EUSTON,822
1471,EVANS HEAD,2948
1472,EVANS PLAINS,162
1473,EVELEIGH,772
1474,EVIRON,208
1475,EWINGAR,71
1476,EWINGSDALE,904
1477,EXETER,988
1478,FAILFORD,540
1479,FAIRFIELD,19540
1480,FAIRFIELD EAST,5658
1481,FAIRFIELD HEIGHTS,8120
1482,FAIRFIELD WEST,12426
1483,FAIRHOLME,21
1484,FAIRLIGHT,6502
1485,FAIRY HILL,396
1486,FAIRY MEADOW,7810
1487,FALBROOK,29
1488,FALCONER,50
1489,FALLS CREEK,954
1490,FAR MEADOW,230
1491,FARGUNYAH,18
1492,FARLEY,231
1493,FARMBOROUGH HEIGHTS,4383
1494,FARNHAM,27
1495,FARRANTS HILL,124
1496,FARRINGDON,16
1497,FASSIFERN,600
1498,FAULCONBRIDGE,4053
1499,FAULKLAND,80
1500,FAWCETTS PLAIN,149
1501,FEDERAL,778
1502,FERNANCES CROSSING,38
1503,FERNBANK CREEK,218
1504,FERNBROOK,111
1505,FERNHILL,1103
1506,FERNLEIGH,311
1507,FERNMOUNT,375
1508,FERNSIDE,48
1509,FERNVALE,274
1510,FERODALE,95
1511,FIDDLETOWN,238
1512,FIFIELD,126
1513,FIGTREE,12272
1514,FINDON CREEK,25
1515,FINE FLOWER,30
1516,FINGAL BAY,1733
1517,FINGAL HEAD,674
1518,FINLEY,2598
1519,FIREFLY,299
1520,FISHERMANS BAY,64
1521,FISHERMANS PARADISE,507
1522,FISHERMANS REACH,156
1523,FISHERS HILL,36
1524,FISHING POINT,1063
1525,FITZGERALDS MOUNT,55
1526,FITZGERALDS VALLEY,9
1527,FITZROY FALLS,238
1528,FIVE DOCK,9930
1529,FIVE WAYS,28
1530,FLAT TOPS,29
1531,FLETCHER,6229
1532,FLINDERS,7350
1533,FLORAVILLE,1931
1534,FORBES,8667
1535,FORBES CREEK,72
1536,FORBES RIVER,12
1537,FORBESDALE,182
1538,FORDS BRIDGE,53
1539,FORDWICH,92
1540,FOREST GLEN,66
1541,FOREST GROVE,118
1542,FOREST HILL,2420
1543,FOREST LAND,1
1544,FOREST LODGE,5530
1545,FOREST REEFS,527
1546,FORESTVILLE,8744
1547,FORRESTERS BEACH,3084
1548,FENNELL BAY,1664
1549,FERN BAY,3165
1550,FERN GULLY,63
1551,FERNANCES,12
1552,FORSTER,14243
1553,FORTIS CREEK,29
1554,FOSTERS VALLEY,86
1555,FOSTERTON,115
1556,FOUNTAINDALE,722
1557,FOUR CORNERS,0
1558,FOUR MILE CREEK,11
1559,FOWLERS GAP,29
1560,FOXGROUND,156
1561,FRAZER PARK,0
1562,FRAZERS CREEK,191
1563,FREDERICKTON,1428
1564,FREEBURN ISLAND,0
1565,FREEMANS,0
1566,FREEMANS REACH,2051
1567,FREEMANS WATERHOLE,112
1568,FREEMANTLE,23
1569,FRENCH PARK,31
1570,FRENCHS FOREST,14126
1571,FRESHWATER,9764
1572,FROG ROCK,155
1573,FROGMORE,134
1574,FROGS HOLLOW,120
1575,FRYING PAN,4
1576,FULLERTON,50
1577,FULLERTON COVE,648
1578,FURRACABAD,44
1579,GADARA,45
1580,GALA VALE,4
1581,GALAMBINE,63
1582,GALONG,226
1583,GALORE,100
1584,GALSTON,3214
1585,GANBENANG,97
1586,GANGAT,25
1587,GANMAIN,791
1588,GARAH,317
1589,GARDEN SUBURB,1955
1590,GAREMA,105
1591,GARLAND,61
1592,GARLAND VALLEY,10
1593,GAROO,105
1594,GARRA,96
1595,GARTHOWEN,153
1596,GATESHEAD,3268
1597,GEARYS FLAT,3
1598,GEEHI,0
1599,GELSTON PARK,131
1600,GEMALLA,17
1601,GENEVA,757
1602,GIRILAMBONE,106
1603,GIRO,2
1604,GIRRAL,56
1605,GIRRALONG,49
1606,GIRRAWEEN,6117
1607,GIRVAN,165
1608,GLADESVILLE,12773
1609,GLADSTONE,363
1610,GLANMIRE,158
1611,GLEBE,12841
1612,GLEDSWOOD HILLS,38
1613,GLEN ALICE,58
1614,GLEN ALLEN,15
1615,GLEN ALPINE,4633
1616,GLEN DAVIS,119
1617,GLEN ELGIN,215
1618,GLEN FERGUS,6
1619,GLEN INNES,6190
1620,GEORGES CREEK,16
1621,GEORGES HALL,9728
1622,GEORGES PLAINS,252
1623,GEORGETOWN,2044
1624,GEORGICA,225
1625,GEROGERY,589
1626,GERRINGONG,4302
1627,GERROA,732
1628,GEURIE,808
1629,GHINNI GHI,38
1630,GHINNI GHINNI,57
1631,GHOOLENDAADI,60
1632,GIANTS CREEK,87
1633,GIBBERAGEE,23
1634,GIBRALTAR RANGE,0
1635,GIDGINBUNG,68
1636,GIDLEY,96
1637,GILEAD,425
1638,GILGAI,740
1639,GILGANDRA,3143
1640,GILGOOMA,36
1641,GILGUNNIA,0
1642,GILLENBAH,141
1643,GILLETTS RIDGE,27
1644,GILLIESTON HEIGHTS,3561
1645,GILMANDYKE,22
1646,GILMORE,180
1647,GIN GIN,114
1648,GINEROI,61
1649,GINGHI,13
1650,GINGKIN,80
1651,GIRARDS HILL,1317
1652,GLEN MARTIN,178
1653,GLEN NEVIS,0
1654,GLEN OAK,375
1655,GLEN WARD,7
1656,GLEN WILLIAM,129
1657,GLENBAWN,74
1658,GLENBROOK,5261
1659,GLENCOE,191
1660,GLENDALE,3193
1661,GLENDENNING,5388
1662,GLENDON,122
1663,GLENDON BROOK,269
1664,GLENELG,30
1665,GLENELLEN,127
1666,GLENFIELD,10179
1667,GLENFIELD PARK,5262
1668,GLENGARRIE,153
1669,GLENHAVEN,6803
1670,GLENIFFER,381
1671,GLENMORE,128
1672,GLENMORE PARK,24333
1673,GLENNIES CREEK,41
1674,GLENNING VALLEY,2061
1675,GLENORIE,3719
1676,GLENQUARRY,233
1677,GLENREAGH,934
1678,GLENRIDDING,259
1679,GLENROCK,35
1680,GLENROY (ALBURY),3411
1681,GLENROY (SNOWY VALLEYS),70
1682,GLENTHORNE,236
1683,GLENUGIE,203
1684,GLENWOOD,16905
1685,GLENWORTH VALLEY,8
1686,GLOSSODIA,2918
1687,GLOUCESTER,3048
1688,GLOUCESTER TOPS,0
1689,GOAT ISLAND,0
1690,GOBARRALONG,53
1691,GOBBAGOMBALIN,486
1692,GOCUP,152
1693,GODFREYS CREEK,75
1694,GOGELDRIE,91
1695,GOL GOL,1563
1696,GOLLAN,134
1697,GOLSPIE,62
1698,GONGOLGON,38
1699,GONN,42
1700,GOOBARRAGANDRA,69
1701,GOOD FOREST,37
1702,GOOD HOPE,182
1703,GOODNIGHT,99
1704,GOODOOGA,239
1705,GOODWOOD ISLAND,70
1706,GOOGONG,3771
1707,GOOLGOWI,434
1708,GOOLHI,87
1709,GOOLMA,105
1710,GOOLMANGAR,202
1711,GOOLOOGONG,409
1712,GOOMBARGANA,52
1713,GOONELLABAH,13176
1714,GOONENGERRY,399
1715,GOONOO FOREST,8
1716,GOONOO GOONOO,65
1717,GOONUMBLA,108
1718,GOORANGOOLA,57
1719,GOORIANAWA,28
1720,GORDON,8327
1721,GORGE CREEK,10
1722,GORMANS HILL,806
1723,GOROKAN,8643
1724,GOSFORD,3686
1725,GOSFORTH,84
1726,GOSTWYCK,26
1727,GOULBURN,23319
1728,GOULDSVILLE,11
1729,GOWAN,33
1730,GOWANG,22
1731,GOWRIE (SINGLETON),333
1732,GOWRIE (TAMWORTH REGIONAL),95
1733,GRABBEN GULLEN,261
1734,GRADYS CREEK,48
1735,GRAFTON,10639
1736,GRAGIN,2
1737,GRAHAMSTOWN,58
1738,GRAMAN,105
1739,GRANTS BEACH,0
1740,GRANVILLE,16520
1741,GRASMERE,2061
1742,GRASSY HEAD,81
1743,GRATTAI,332
1744,GRAVESEND,326
1745,GRAYS POINT,3255
1746,GREAT MACKEREL BEACH,36
1747,GREAT MARLOW,192
1748,GREEN CAPE,0
1749,GREEN CREEK,10
1750,GREEN FOREST,4
1751,GREEN GULLY,34
1752,GREENETHORPE,238
1753,GREENFIELD PARK,5403
1754,GREENGROVE,20
1755,GREENHILL,740
1756,GREENHILLS BEACH,885
1757,GREENLANDS (SINGLETON),89
1758,GREENLANDS (SNOWY MONARO REGIONAL),19
1759,GREENLEIGH,731
1760,GREENRIDGE,163
1761,GREENWELL POINT,1228
1762,GREENWICH,5969
1763,GREENWICH PARK,122
1764,GREG GREG,38
1765,GREGADOO,265
1766,GREGORY HILLS,7224
1767,GREIGS FLAT,153
1768,GRENFELL,2564
1769,GRESFORD,262
1770,GRETA,3007
1771,GRETA MAIN,71
1772,GREVILLIA,77
1773,GREYSTANES,24376
1774,GRIFFITH,19247
1775,GROGAN,91
1776,GRONG GRONG,253
1777,GROSE VALE,1327
1778,GROSE WOLD,644
1779,GROSSES PLAIN,34
1780,GROWEE,11
1781,GUERILLA BAY,50
1782,GUILDFORD,24514
1783,GUILDFORD WEST,5386
1784,GULARGAMBONE,585
1785,GULF CREEK,53
1786,GULGONG,2572
1787,GULMARRAD,1721
1788,GUM FLAT,225
1789,GUM SCRUB,132
1790,GUMBALIE,6
1791,GUMBLE,55
1792,GREEN HILLS (ARMIDALE REGIONAL),22
1793,GREEN HILLS (SNOWY VALLEYS),0
1794,GREEN PIGEON,159
1795,GREEN POINT (CENTRAL COAST),6544
1796,GREEN POINT (GOSFORD),175
1797,GREEN POINT (MID-COAST),544
1798,GREEN VALLEY,13156
1799,GREENACRE,26264
1800,GREENDALE (BEGA VALLEY),81
1801,GREENDALE (LIVERPOOL),353
1802,GUMLY GUMLY,330
1803,GUMMA,471
1804,GUNBAR,53
1805,GUNDAGAI,1689
1806,GUNDAMULDA,15
1807,GUNDAROO,1227
1808,GUNDARY,297
1809,GUNDERBOOKA,14
1810,GUNDERMAN,203
1811,GUNDY,207
1812,GUNGAL,274
1813,GUNGALMAN,8
1814,GUNNEDAH,10101
1815,GUNNING,684
1816,GUNNING GAP,81
1817,GUNNINGBLAND,78
1818,GUNNINGRAH,1
1819,GURLEY,241
1820,GURNANG,126
1821,GURRANANG,97
1822,GURRUNDAH,60
1823,GUYONG,135
1824,GUYRA,2042
1825,GWABEGAR,161
1826,GWANDALAN,3417
1827,GWYNNEVILLE,3277
1828,GYMEA,7968
1829,GYMEA BAY,7177
1830,HABERFIELD,6856
1831,HACKS FERRY,15
1832,HALEKULANI,2643
1833,HALFWAY CREEK,256
1834,HALLIDAYS POINT,540
1835,HALLORAN,43
1836,HALLS CREEK,135
1837,HALLSVILLE,555
1838,HALTON,22
1839,HAMBLEDON HILL,13
1840,HAMILTON,4501
1841,HAMILTON EAST,1010
1842,HAMILTON NORTH,919
1843,HAMILTON SOUTH,4056
1844,HAMILTON VALLEY,600
1845,HAMLYN TERRACE,6829
1846,HAMMONDVILLE,3716
1847,HAMPDEN HALL,62
1848,HAMPTON,108
1849,HANGING ROCK,110
1850,HANLEYS CREEK,2
1851,HANNAM VALE,189
1852,HEDDON GRETA,2179
1853,HEIFER STATION,8
1854,HELENSBURGH,6711
1855,HENLEY,509
1856,HENTY,1291
1857,HEREFORD HALL,24
1858,HERMIDALE,138
1859,HERMITAGE FLAT,340
1860,HERNANI,126
1861,HERONS CREEK,274
1862,HEXHAM,134
1863,HICKEYS CREEK,132
1864,HANWOOD,1289
1865,HARDEN,2062
1866,HARDYS BAY,244
1867,HAREFIELD,162
1868,HARGRAVES,274
1869,HAROLDS CROSS,60
1870,HARPARARY,48
1871,HARPERS HILL,57
1872,HARRINGTON,3154
1873,HARRINGTON PARK,12507
1874,HARRIS PARK,6310
1875,HARTLEY,446
1876,HARTLEY VALE,75
1877,HARTWOOD,21
1878,HARTYS PLAINS,30
1879,HARWOOD,293
1880,HASSALL GROVE,4739
1881,HASSANS WALLS,0
1882,HASTINGS POINT,677
1883,HAT HEAD,313
1884,HATFIELD,13
1885,HAVILAH,22
1886,HAWKESBURY HEIGHTS,463
1887,HAWKS NEST,1290
1888,HAY,2433
1889,HAY SOUTH,362
1890,HAYES GAP,13
1891,HAYMARKET,8451
1892,HAYSTACK,8
1893,HAYTERS HILL,30
1894,HAYWARDS BAY,1090
1895,HAZELBROOK,5186
1896,HAZELGROVE,89
1897,HEATHCOTE,6217
1898,HEATHERBRAE,512
1899,HEBDEN,42
1900,HEBERSHAM,5884
1901,HECKENBERG,3242
1902,HIGH RANGE,411
1903,HIGHER MACDONALD,11
1904,HIGHFIELDS,861
1905,HILL END,107
1906,HILL TOP (SNOWY MONARO REGIONAL),87
1907,HILL TOP (WINGECARRIBEE),2830
1908,HILLDALE,198
1909,HILLGROVE (ARMIDALE REGIONAL),177
1910,HILLGROVE (WAGGA WAGGA),26
1911,HILLSBOROUGH (LAKE MACQUARIE),667
1912,HILLSBOROUGH (MAITLAND),46
1913,HILLSDALE,5904
1914,HILLSTON,1548
1915,HILLVILLE,307
1916,HILLVUE,6587
1917,HINCHINBROOK,12307
1918,HINTON,472
1919,HOBARTVILLE,2880
1920,HOBBYS YARDS,83
1921,HOGARTH RANGE,45
1922,HOLBROOK,1721
1923,HOLGATE,1003
1924,HOLLISDALE,50
1925,HOLLYDEEN,62
1926,HOLMESVILLE,1409
1927,HOLROYD,1399
1928,HOLSWORTHY,5732
1929,HOLTS FLAT,3
1930,HOME RULE,55
1931,HOMEBUSH,8076
1932,HOMEBUSH WEST,9831
1933,HOMELEIGH,111
1934,HONEYBUGLE,24
1935,HOPEFIELD,85
1936,HOPKINS CREEK,111
1937,HORNINGSEA PARK,4160
1938,HORNSBY,23982
1939,HORNSBY HEIGHTS,6604
1940,HORSE STATION CREEK,102
1941,HORSESHOE BEND,439
1942,HORSESHOE CREEK,85
1943,HORSFIELD BAY,563
1944,HORSLEY,9234
1945,HORSLEY PARK,1954
1946,HOSKINSTOWN,203
1947,HOVELLS CREEK,38
1948,HOWARDS GRASS,73
1949,HOWELL,33
1950,HOWES VALLEY,124
1951,HOWICK,1
1952,HOWLONG,2838
1953,HOXTON PARK,4861
1954,HUMULA,127
1955,HUNGERFORD,17
1956,HUNTERS HILL,10125
1957,HUNTERVIEW,3041
1958,HUNTINGDON,89
1959,HUNTINGWOOD,0
1960,HUNTLEY (ORANGE),153
1961,HUNTLEY (WOLLONGONG),59
1962,HUNTLEYS COVE,816
1963,HUNTLEYS POINT,151
1964,HUONBROOK,163
1965,HURLSTONE PARK,5167
1966,HURSTVILLE,32710
1967,HURSTVILLE GROVE,2837
1968,HUSKISSON,851
1969,HYAMS BEACH,117
1970,HYLAND PARK,451
1971,HYNDMANS CREEK,56
1972,ILARWILL,218
1973,ILFORD,194
1974,ILLABO,151
1975,ILLAROO,36
1976,ILLAWONG,7472
1977,ILUKA,1782
1978,INDI,36
1979,INGEBIRAH,93
1980,INGLEBURN,16399
1981,INGLESIDE,1004
1982,INNES VIEW,32
1983,INVERELL,11894
1984,INVERGORDON,33
1985,INVERGOWRIE,781
1986,IRON POT CREEK,25
1987,IRONBARK,29
1988,IRONMUNGY,5
1989,IRVINGTON,82
1990,IRYMPLE,8
1991,ISABELLA,31
1992,ISLINGTON,1971
1993,IVANHOE,312
1994,JACKADGERY,98
1995,JACKS CREEK,135
1996,JACKSONS FLAT,11
1997,JACKY BULBIN FLAT,24
1998,JAGUMBA,0
1999,JAGUNGAL WILDERNESS,0
2000,JAMBEROO,1764
2001,JAMES CREEK,214
2002,JERRABOMBERRA,9919
2003,JERRARA,168
2004,JERRAWA,80
2005,JERRAWANGALA,72
2006,JERRONG,12
2007,JERRYS PLAINS,392
2008,JERSEYVILLE,118
2009,JESMOND,3392
2010,JEWELLS,2449
2011,JEWS LAGOON,2
2012,JIGGI,409
2013,JILLIBY,1735
2014,JIMENBUEN,36
2015,JINCUMBILLY,3
2016,JINDABYNE,2696
2017,JINDEN,22
2018,JINDERA,2281
2019,JINGELLIC,66
2020,JINGERA,44
2021,JOADJA,125
2022,JOES BOX,13
2023,JOHNS RIVER,330
2024,JOLLY NOSE,0
2025,JONES BRIDGE,25
2026,JONES CREEK,111
2027,JONES ISLAND,64
2028,JORDAN SPRINGS,6558
2029,JUDDS CREEK,16
2030,JUGIONG,254
2031,JUNCTION HILL,1445
2032,JUNEE,5169
2033,JUNEE REEFS,88
2034,KAHIBAH,2571
2035,KAINS FLAT,171
2036,JAMISONTOWN,5602
2037,JANNALI,6493
2038,JASPERS BRUSH,374
2039,JAUNTER,12
2040,JEIR,281
2041,JELLAT JELLAT,84
2042,JEMALONG,78
2043,JEMBAICUMBENE,41
2044,JENNINGS,159
2045,JENOLAN,20
2046,JEOGLA,42
2047,JERANGLE,96
2048,JEREMADRA,174
2049,JEREMY,3
2050,JERILDERIE,1073
2051,JERRABATTGULLA,14
2052,KALANG,277
2053,KALARU,764
2054,KALKITE,219
2055,KAMARAH,93
2056,KAMERUKA,119
2057,KANAHOOKA,5834
2058,KANANGRA,0
2059,KANDOS,1310
2060,KANGALOON,155
2061,KANGAROO CREEK,105
2062,KANGAROO POINT,589
2063,KANGAROO VALLEY,910
2064,KANGAROOBIE,44
2065,KANGIARA,57
2066,KANGY ANGY,318
2067,KANIMBLA,130
2068,KANOONA,150
2069,KANWAL,4183
2070,KAPOOKA,657
2071,KAPUTAR,6
2072,KARAAK FLAT,47
2073,KARABAR,8432
2074,KARANGI,622
2075,KAREELA,3604
2076,KARIONG,6583
2077,KARS SPRINGS,33
2078,KARUAH,1513
2079,KATOOMBA,8319
2080,KAYUGA,55
2081,KEARNS,2832
2082,KEARSLEY,893
2083,KEEPIT,11
2084,KEERA,55
2085,KEERRONG,168
2086,KEINBAH,125
2087,KEIRAVILLE,3789
2088,KEITH HALL,176
2089,KELLYS PLAINS,162
2090,KELLYVILLE,34152
2091,KELLYVILLE RIDGE,11364
2092,KELSO,9676
2093,KELVIN,177
2094,KEMBLA GRANGE,266
2095,KEMBLA HEIGHTS,127
2096,KEMPS CREEK,2331
2097,KEMPSEY,500
2098,KENDALL,1209
2099,KENEBRI,41
2100,KENNAICLE CREEK,7
2101,KENSINGTON,17072
2102,KINDERVALE,19
2103,KING CREEK,1677
2104,KINGFISHER SHORES,177
2105,KINGHORNE,0
2106,KINGS FOREST,40
2107,KINGS LANGLEY,9727
2108,KENTHURST,5350
2109,KENTLYN,779
2110,KENTUCKY,157
2111,KENTUCKY SOUTH,124
2112,KEREWONG,9
2113,KERI KERI,8
2114,KERRABEE,12
2115,KERRIGUNDI,14
2116,KERRS CREEK,50
2117,KEW,1187
2118,KEYBARBIN,2
2119,KHANCOBAN,304
2120,KHATAMBUHL,2
2121,KIA ORA,25
2122,KIACATOO,27
2123,KIAH,147
2124,KIAMA,7321
2125,KIAMA DOWNS,5282
2126,KIAMA HEIGHTS,902
2127,KIANGA,813
2128,KIAR,36
2129,KICKABIL,51
2130,KIELVALE,257
2131,KIKIAMAH,98
2132,KIKOIRA,66
2133,KILABEN BAY,1484
2134,KILGIN,45
2135,KILGRA,76
2136,KILLABAKH,279
2137,KILLARA,11470
2138,KILLARNEY HEIGHTS,4696
2139,KILLARNEY VALE,7442
2140,KILLAWARRA,174
2141,KILLCARE,503
2142,KILLCARE HEIGHTS,782
2143,KILLIEKRANKIE,0
2144,KILLIMICAT,28
2145,KILLINGWORTH,720
2146,KILLONGBUTTA,30
2147,KIMBRIKI,136
2148,KINCHELA,262
2149,KINCUMBER,7299
2150,KINCUMBER SOUTH,689
2151,KINDEE,99
2152,KINGS PARK,3669
2153,KINGS PLAINS (BLAYNEY),122
2154,KINGS PLAINS (INVERELL),11
2155,KINGS POINT,594
2156,KINGSCLIFF,8360
2157,KINGSDALE,174
2158,KINGSFORD,17035
2159,KINGSGATE,6
2160,KINGSGROVE,13328
2161,KINGSLAND,41
2162,KINGSTOWN,93
2163,KINGSVALE,175
2164,KINGSWOOD (BEGA VALLEY),9
2165,KINGSWOOD (PENRITH),10265
2166,KINGSWOOD (TAMWORTH REGIONAL),1089
2167,KIOLOA,265
2168,KIORA,57
2169,KIPPARA,0
2170,KIPPAXS,25
2171,KIPPENDUFF,35
2172,KIRKCONNELL,285
2173,KIRKHAM,746
2174,KIRRAWEE,9863
2175,KIRRIBILLI,4170
2176,KITCHENER,500
2177,KIWARRAK,0
2178,KLORI,48
2179,KNIGHTS HILL,45
2180,KNOCKROW,200
2181,KNORRIT FLAT,32
2182,KNORRIT FOREST,0
2183,KOGARAH,16597
2184,KOGARAH BAY,2153
2185,KOOBA,74
2186,KOOKABOOKRA,10
2187,KOOLEWONG,886
2188,KOOLKHAN,41
2189,KOONAWARRA,3757
2190,KOONORIGAN,311
2191,KOONYUM RANGE,20
2192,KOORAGANG,0
2193,KOORAINGHAT,211
2194,KOORAWATHA,422
2195,KOORINGAL,7438
2196,KOOTINGAL,2182
2197,KORALEIGH,351
2198,KOREELAH,72
2199,KORORA,2737
2200,KOSCIUSZKO,0
2201,KOSCIUSZKO NATIONAL PARK,588
2202,KOTARA,4006
2203,KOTARA SOUTH,1110
2204,KRAMBACH,387
2205,KRAWARREE,48
2206,KREMNOS,187
2207,KU-RING-GAI CHASE,7
2208,KULNURA,636
2209,KULWIN,10
2210,KUNAMA,70
2211,KUNDABUNG,646
2212,KUNDIBAKH,77
2213,KUNDLE KUNDLE,196
2214,KUNGALA,146
2215,KUNGHUR,109
2216,KUNGHUR CREEK,46
2217,KURMOND,880
2218,KURNELL,2461
2219,KURRABA POINT,1616
2220,KURRAJONG,3184
2221,KURRAJONG HEIGHTS,1384
2222,KURRAJONG HILLS,688
2223,KURRI KURRI,6393
2224,KYALITE,83
2225,KYARRAN,21
2226,KYBEYAN,41
2227,KYEAMBA,63
2228,KYEEMAGH,980
2229,KYLE BAY,1131
2230,KYNNUMBOON,133
2231,KYOGLE,2165
2232,LA PEROUSE,428
2233,LACMALAC,156
2234,LADE VALE,132
2235,LADYSMITH,383
2236,LAFFING WATERS,124
2237,LAGGAN,370
2238,LAGOON GRASS,50
2239,LAGUNA,227
2240,LAKE ALBERT,6382
2241,LAKE BATHURST,239
2242,LAKE BREWSTER,9
2243,LAKE BURRENDONG,7
2244,LAKE CARGELLIGO,1440
2245,LAKE CATHIE,3712
2246,LAKE CONJOLA,461
2247,LAKE COWAL,38
2248,LAKE GEORGE,108
2249,LAKE HAVEN,3711
2250,LAKE HEIGHTS,4130
2251,LAKE HUME VILLAGE,57
2252,LANSDOWNE (CANTERBURY-BANKSTOWN),18
2253,LANSDOWNE (MID-COAST),600
2254,LANSDOWNE FOREST,7
2255,LANSVALE,2709
2256,LAPSTONE,972
2257,LARBERT,44
2258,LARGS,2016
2259,LARNOOK,382
2260,LARRAS LEE,68
2261,LAUGHTONDALE,88
2262,LAUREL HILL,20
2263,LAURIETON,2082
2264,LAVADIA,19
2265,LAVENDER BAY,1047
2266,LAVERSTOCK,33
2267,LAVINGTON,12924
2268,LAWRENCE,1075
2269,LAWSON,2652
2270,LEADVILLE,173
2271,LECONFIELD,152
2272,LEE CREEK,3
2273,LEETON,8829
2274,LEETS VALE,61
2275,LEEVILLE,250
2276,LEGUME,154
2277,LEICHHARDT,15772
2278,LEMINGTON,9
2279,LEMON TREE,63
2280,LAKE ILLAWARRA,3264
2281,LAKE INNES,449
2282,LAKE MACQUARIE,0
2283,LAKE MUNMORAH,5450
2284,LAKE TABOURIE,688
2285,LAKE WYANGAN,939
2286,LAKELANDS,1456
2287,LAKEMBA,18256
2288,LAKESLAND,446
2289,LAKEWOOD,1276
2290,LALALTY,99
2291,LALOR PARK,8042
2292,LAMBS VALLEY (GLEN INNES SEVERN),92
2293,LAMBS VALLEY (SINGLETON),386
2294,LAMBTON,5054
2295,LANDERVALE,22
2296,LANE COVE,11987
2297,LANE COVE NORTH,12665
2298,LANE COVE WEST,2841
2299,LANGLEY VALE,47
2300,LANITZA,323
2301,LANKEYS CREEK,48
2302,LEMON TREE PASSAGE,2640
2303,LEN WATERS ESTATE,0
2304,LENAGHAN,58
2305,LENNOX HEAD,6911
2306,LEONAY,2617
2307,LEPPINGTON,5313
2308,LERIDA,26
2309,LETHBRIDGE PARK,5091
2310,LEUMEAH,10185
2311,LEURA,4903
2312,LEVENSTRATH,44
2313,LEWINSBROOK,44
2314,LEWIS PONDS,158
2315,LEWISHAM,3505
2316,LEYCESTER,150
2317,LIBERTY GROVE,2447
2318,LIDCOMBE,22115
2319,LIDDELL,0
2320,LIDSDALE,443
2321,LIDSTER,342
2322,LIGHTNING RIDGE,2259
2323,LILLI PILLI (EUROBODALLA),635
2324,LILLI PILLI (SUTHERLAND SHIRE),1437
2325,LILLIAN ROCK,216
2326,LILYDALE,25
2327,LILYFIELD,8216
2328,LILYVALE,4
2329,LIMBRI,109
2330,LIMEBURNERS CREEK (MID-COAST),326
2331,LIMEBURNERS CREEK (PORT MACQUARIE-HASTINGS),12
2332,LIMEKILNS,112
2333,LIMERICK,44
2334,LIMESTONE,7
2335,LIMPINWOOD,224
2336,LINBURN,62
2337,LINDEN,499
2338,LINDENDALE,251
2339,LINDESAY,20
2340,LINDESAY CREEK,20
2341,LINDFIELD,10606
2342,LINDIFFERON,49
2343,LINLEY POINT,365
2344,LIONSVILLE,5
2345,LISAROW,5227
2346,LISMORE,3627
2347,LISMORE HEIGHTS,2226
2348,LISTON,136
2349,LITHGOW,5250
2350,LITTLE BACK CREEK,41
2351,LITTLE BAY,4970
2352,LITTLE BILLABONG,112
2353,LITTLE FOREST,172
2354,LITTLE HARTLEY,537
2355,LITTLE JACKS CREEK,21
2356,LITTLE JILLIBY,122
2357,LITTLE PELICAN,5
2358,LITTLE PLAIN,150
2359,LITTLE RIVER,48
2360,LITTLE TOPAR,30
2361,LITTLE WOBBY,65
2362,LITTLETON,788
2363,LIVERPOOL,30425
2364,LLANARTH,2323
2365,LLANDILO,1779
2366,LLANGOTHLIN,131
2367,LLOYD,862
2368,LOADSTONE,40
2369,LOCHIEL,357
2370,LOCHINVAR,815
2371,LOCKHART,1090
2372,LOCKSLEY,53
2373,LOFTUS,4292
2374,LOFTVILLE,232
2375,LOGANS CROSSING,139
2376,LOGIE BRAE,82
2377,LONDONDERRY,4144
2378,LONG BEACH,1527
2379,LONG FLAT,125
2380,LONG JETTY,6717
2381,LONG PLAIN (INVERELL),33
2382,LONG PLAIN (SNOWY MONARO REGIONAL),0
2383,LONG POINT (CAMPBELLTOWN),219
2384,LONG POINT (SINGLETON),32
2385,LONGARM,14
2386,LONGREACH,72
2387,LONGUEVILLE,2181
2388,LOOMBERAH,521
2389,LORD HOWE ISLAND,421
2390,LORDS HILL,25
2391,LORN,1408
2392,LORNE,282
2393,LOST RIVER,76
2394,LOSTOCK,57
2395,LOUISA CREEK,10
2396,LOUTH,43
2397,LOUTH PARK,749
2398,LOVEDALE,578
2399,LOVETT BAY,157
2400,LOWANNA,366
2401,LOWER ACACIA CREEK,37
2402,LOWER BAGO,6
2403,LOWER BELFORD,412
2404,LOWER BORO,180
2405,LOWER BOTTLE CREEK,21
2406,LOWER CREEK,31
2407,LOWER DUCK CREEK,26
2408,LOWER DYRAABA,25
2409,LOWER LEWIS PONDS,43
2410,LOWER MACDONALD,268
2411,LOWER MANGROVE,69
2412,LOWER PAPPINBARRA,116
2413,LOWER PEACOCK,4
2414,LOWER PORTLAND,616
2415,LOWER SOUTHGATE,114
2416,LOWESDALE,100
2417,LOWTHER,77
2418,LOXFORD,70
2419,LUCAS HEIGHTS,0
2420,LUCKNOW,309
2421,LUDDENHAM,2066
2422,LUE,192
2423,LUGARNO,5987
2424,LURNEA,9905
2425,LUSKINTYRE,200
2426,LYNCHS CREEK,90
2427,LYNDHURST (ARMIDALE REGIONAL),22
2428,LYNDHURST (BLAYNEY),367
2429,LYNWOOD,232
2430,MABINS WELL,17
2431,MACDONALDS CREEK,13
2432,MACKSVILLE,2724
2433,MACLEAN,2657
2434,MACMASTERS BEACH,1355
2435,MACQUARIE FIELDS,14518
2436,MACQUARIE HILLS,3385
2437,MACQUARIE LINKS,1447
2438,MACQUARIE MARSHES,3
2439,MACQUARIE PARK,8966
2440,MACQUARIE PASS,0
2441,MADDENS PLAINS,3
2442,MAFFRA,24
2443,MAGENTA,223
2444,MAGOMETON,22
2445,MAIANBAR,544
2446,MAIMURU,138
2447,MAIN ARM,643
2448,MAIN CREEK,94
2449,MAIRJIMMY,58
2450,MAISON DIEU,188
2451,MAITLAND,2100
2452,MAITLAND BAR,22
2453,MAITLAND VALE,145
2454,MAJORS CREEK,265
2455,MALABAR,5915
2456,MALDON,19
2457,MALLABULA,942
2458,MALLAN,50
2459,MALLANGANEE,147
2460,MALLEE,7
2461,MALLOWA,106
2462,MALONEYS BEACH,380
2463,MALUA BAY,2011
2464,MANAR,125
2465,MANCHESTER SQUARE,18
2466,MANDAGERY,68
2467,MANDALONG,458
2468,MANDEMAR,67
2469,MANDURAMA,356
2470,MANGERTON,3142
2471,MANGOOLA,49
2472,MANGOPLAH,325
2473,MANGROVE CREEK,41
2474,MANGROVE MOUNTAIN,762
2475,MANILDRA,764
2476,MANILLA,2621
2477,MANLY,17704
2478,MANLY VALE,6635
2479,MANNERING PARK,2576
2480,MANNING POINT,247
2481,MANNUS,222
2482,MANOBALAI,68
2483,MANTON,293
2484,MANYANA,545
2485,MARAGLE,61
2486,MARAYLYA,1341
2487,MARAYONG,8347
2488,MARCH,123
2489,MARCHMONT,246
2490,MARDI,3798
2491,MARENGO,9
2492,MARES RUN,0
2493,MARINNA,51
2494,MARKS POINT,1843
2495,MARKWELL,115
2496,MARLEE,216
2497,MARLO MERRICAN,73
2498,MARLOW,22
2499,MARLOWE,3
2500,MARMONG POINT,750
2501,MAROM CREEK,131
2502,MAYBOLE,43
2503,MAYERS FLAT,52
2504,MAYFIELD (NEWCASTLE),9745
2505,MAYFIELD (OBERON),4
2506,MAYFIELD (QUEANBEYAN-PALERANG REGIONAL),20
2507,MAYFIELD (SHOALHAVEN),40
2508,MAYFIELD EAST,1749
2509,MAYFIELD NORTH,0
2510,MAYFIELD WEST,1958
2511,MAYRUNG,147
2512,MAYS HILL,860
2513,MAYVALE,13
2514,MCCULLYS GAP,250
2515,MCDOUGALLS HILL,144
2516,MCGRATHS HILL,2711
2517,MCKEES HILL,366
2518,MCKELLARS PARK,229
2519,MCLEANS RIDGES,540
2520,MCLEODS SHOOT,114
2521,MCMAHONS POINT,2578
2522,MCMAHONS REEF,56
2523,MEADOW FLAT,323
2524,MAROOTA,652
2525,MAROUBRA,33139
2526,MARRANGAROO,922
2527,MARRAR,374
2528,MARRICKVILLE,28661
2529,MARSDEN PARK,2507
2530,MARSFIELD,14532
2531,MARSHALL MOUNT,153
2532,MARSHDALE,43
2533,MARTHAGUY,61
2534,MARTINDALE,162
2535,MARTINS CREEK,399
2536,MARTINSVILLE,410
2537,MARULAN,1185
2538,MARYLAND (NEWCASTLE),8106
2539,MARYLAND (TENTERFIELD),56
2540,MARYS MOUNT,73
2541,MARYVALE,207
2542,MARYVILLE,1553
2543,MASCOT,16984
2544,MATCHAM,1032
2545,MATHESON,53
2546,MATHOURA,961
2547,MATONG,167
2548,MATRAVILLE,10720
2549,MAUDE,86
2550,MAULES CREEK,114
2551,MAXWELL,98
2552,MEADOWBANK,4795
2553,MEBBIN,1
2554,MEBUL,41
2555,MEDLOW BATH,644
2556,MEDOWIE,10091
2557,MEDWAY,127
2558,MEERSCHAUM VALE,421
2559,MEGALONG VALLEY,157
2560,MEGAN,153
2561,MELBERGEN,4
2562,MELINGA,106
2563,MELLONG,2
2564,MELLOOL,46
2565,MELROSE PARK,1788
2566,MELVILLE,66
2567,MEMAGONG,94
2568,MENAH,148
2569,MENAI,10674
2570,MENANGLE,1303
2571,MENANGLE PARK,263
2572,MENDOORAN,551
2573,MENINDEE,530
2574,MERAH NORTH,185
2575,MEREWETHER,11532
2576,MEREWETHER HEIGHTS,1454
2577,MERIMBULA,3728
2578,MERINGO,107
2579,MERNOT,0
2580,MEROO,37
2581,MEROO MEADOW,492
2582,MEROTHERIE,23
2583,MERRIANGAAH,7
2584,MERRICUMBENE,17
2585,MERRIGAL,29
2586,MERRILL,36
2587,MERRIWA,1827
2588,MERRIWAGGA,113
2589,MERRYGOEN,114
2590,MERRYLANDS,32565
2591,MERRYLANDS WEST,7052
2592,MERUNGLE HILL,268
2593,MERYLA,4
2594,METFORD,4891
2595,METHUL,55
2596,METZ,111
2597,MIAMLEY,0
2598,MIANDETTA,38
2599,MICALO ISLAND,33
2600,MICHELAGO,609
2601,MIDDLE ARM,366
2602,MIDDLE BROOK,225
2603,MIDDLE BROTHER,52
2604,MIDDLE COVE,1435
2605,MIDDLE DURAL,1073
2606,MIDDLE FALBROOK,100
2607,MIDDLE FLAT,53
2608,MIDDLE POCKET,155
2609,MIDDLETON GRANGE,5902
2610,MIDDLINGBANK,15
2611,MIDGINBIL,72
2612,MIHI,36
2613,MILA,42
2614,MILBRODALE,119
2615,MILBRULONG,98
2616,MILKERS FLAT,7
2617,MILLAH MURRAH,28
2618,MILLBANK,126
2619,MILLER,3420
2620,MILLERS FOREST,358
2621,MILLERS POINT,1748
2622,MILLFIELD,1082
2623,MILLIE,30
2624,MILLINGANDI,456
2625,MILLTHORPE,1287
2626,MILPARINKA,74
2627,MILPERRA,4133
2628,MILROY (GUNNEDAH),73
2629,MILROY (MID-WESTERN REGIONAL),51
2630,MILSONS PASSAGE,17
2631,MILSONS POINT,2453
2632,MILTON,1743
2633,MILVALE,70
2634,MIMOSA,90
2635,MINCHINBURY,5932
2636,MINDARIBBA,80
2637,MINGOOLA,20
2638,MINIMBAH,218
2639,MINJARY,38
2640,MINMI,788
2641,MINNAMURRA,787
2642,MINNIE WATER,226
2643,MINORE,159
2644,MINTO,13860
2645,MINTO HEIGHTS,391
2646,MIRADOR,402
2647,MIRANDA,16073
2648,MIRANNIE,72
2649,MIRRABOOKA,747
2650,MIRROOL,90
2651,MISSABOTTI,308
2652,MOGAREEKA,58
2653,MOGENDOURA,189
2654,MOGGS SWAMP,30
2655,MOGILLA,77
2656,MOGO (EUROBODALLA),333
2657,MOGO (MID-WESTERN REGIONAL),4
2658,MOGO CREEK,2
2659,MOGOOD,23
2660,MOGRANI,34
2661,MOGRIGUY,116
2662,MOLE RIVER,66
2663,MOLEVILLE CREEK,34
2664,MOLLYAN,33
2665,MOLLYMOOK,1172
2666,MOLLYMOOK BEACH,2596
2667,MOLONG,2663
2668,MONA VALE,11475
2669,MONAK,51
2670,MONALTRIE,196
2671,MONDAYONG,0
2672,MONDROOK,182
2673,MONGA,14
2674,MONGARLOWE,128
2675,MONGOGARIE,80
2676,MONIA GAP,13
2677,MONIVAE,32
2678,MONKERAI,70
2679,MONTEAGLE,209
2680,MONTECOLLUM,61
2681,MONTEFIORES,674
2682,MONTEREY,5002
2683,MOOBALL,208
2684,MOOBI,158
2685,MOOGEM,0
2686,MOOKERAWA,6
2687,MOOKIMA WYBRA,33
2688,MOOLARBEN,15
2689,MOOLLATTOO,0
2690,MOOLPA,7
2691,MOOMBOOLDOOL,31
2692,MOONAN BROOK,25
2693,MOONAN FLAT,131
2694,MOONBAH,586
2695,MOONBI,1147
2696,MITCHELL,1368
2697,MITCHELLS FLAT,220
2698,MITCHELLS ISLAND,477
2699,MITTAGONG,6056
2700,MOAMA,6627
2701,MODANVILLE,614
2702,MOONBRIA,6
2703,MOONEBA,80
2704,MOONEE,0
2705,MOONEE BEACH,2186
2706,MOONEY MOONEY,329
2707,MOONEY MOONEY CREEK,29
2708,MOONPAR,13
2709,MOORAL CREEK,83
2710,MOORARA,3
2711,MOORBEL,235
2712,MOORE CREEK,2461
2713,MOORE PARK,24
2714,MOOREBANK,10793
2715,MOORILDA,29
2716,MOORLAND,513
2717,MOORONG,187
2718,MOORWATHA,47
2719,MOPARRABAH,106
2720,MOPPY,14
2721,MORAGO,39
2722,MORANGARELL,40
2723,MORANS CROSSING,71
2724,MOREE,9465
2725,MORISSET,3427
2726,MORISSET PARK,795
2727,MORNING BAY,38
2728,MORORO,85
2729,MORPETH,1431
2730,MORTDALE,11147
2731,MORTLAKE,1167
2732,MORTON,224
2733,MORTONS CREEK,292
2734,MORTS ESTATE,629
2735,MORUNDAH,73
2736,MORUYA,4105
2737,MORUYA HEADS,1015
2738,MORVEN (GLEN INNES SEVERN),0
2739,MORVEN (GREATER HUME SHIRE),140
2740,MOSMAN,30877
2741,MOSS VALE,9180
2742,MOSSGIEL,40
2743,MOSSY POINT,621
2744,MOTO,136
2745,MOULAMEIN,465
2746,MOUNT ADRAH,40
2747,MOUNT ANNAN,12779
2748,MOUNT AQUILA,1
2749,MOUNT ARTHUR,177
2750,MOUNT AUSTIN,4060
2751,MOUNT BURRELL,226
2752,MOUNT PLEASANT,1445
2753,MOUNT PRITCHARD,10616
2754,MOUNT RANKIN,390
2755,MOUNT RIVERS,47
2756,MOUNT RIVERVIEW,3093
2757,MOUNT ROYAL,24
2758,MOUNT RUSSELL,114
2759,MOUNT SAINT THOMAS,1637
2760,MOUNT SEAVIEW,25
2761,MOUNT TENANDRA,16
2762,MOUNT THORLEY,72
2763,MOUNT TOMAH,79
2764,MOUNT VERNON,1238
2765,MOUNT VICTORIA,1102
2766,MOUNT VIEW,136
2767,MOUNT VINCENT,390
2768,MOUNT COLAH,7465
2769,MOUNT COLLINS,13
2770,MOUNT COOPER,1
2771,MOUNT DARRAGH,26
2772,MOUNT DAVID,43
2773,MOUNT DEE,9
2774,MOUNT DRUITT,17602
2775,MOUNT ELLIOT,168
2776,MOUNT FAIRY,229
2777,MOUNT FOSTER,0
2778,MOUNT FROME,136
2779,MOUNT GEORGE,290
2780,MOUNT HARRIS,17
2781,MOUNT HOPE,19
2782,MOUNT HOREB,28
2783,MOUNT HUNTER,783
2784,MOUNT HUTTON,3674
2785,MOUNT IRVINE,33
2786,MOUNT KEIRA,1799
2787,MOUNT KEMBLA,1112
2788,MOUNT KINGIMAN,8
2789,MOUNT KNOWLES,39
2790,MOUNT KURING-GAI,1743
2791,MOUNT LAMBIE,81
2792,MOUNT LEWIS,1275
2793,MOUNT LINDSEY,0
2794,MOUNT MARSDEN,62
2795,MOUNT MARSH,6
2796,MOUNT MITCHELL,84
2797,MOUNT MURRAY,55
2798,MOUNT OLIVE (OBERON),16
2799,MOUNT OLIVE (SINGLETON),156
2800,MOUNT OUSLEY,1662
2801,MOUNT PANORAMA,119
2802,MOUNT WARNING,101
2803,MOUNT WARRIGAL,5046
2804,MOUNT WERONG,5
2805,MOUNT WHITE,188
2806,MOUNT WILSON,107
2807,MOUNTAIN CREEK,49
2808,MOUNTAIN LAGOON,91
2809,MOUNTAIN TOP,63
2810,MOUNTAIN VIEW,197
2811,MOURQUONG,84
2812,MOWBRAY PARK,105
2813,MOZART,54
2814,MUDGEE,11569
2815,MULBRING,629
2816,MULGOA,2140
2817,MULGRAVE,93
2818,MULGUTHRIE,2
2819,MULI MULI,48
2820,MULLA,13
2821,MULLA CREEK,93
2822,MULLALEY,153
2823,MULLAMUDDY,67
2824,MULLAWAY,572
2825,MULLENGANDRA,128
2826,MULLENGUDGERY,54
2827,MULLION,92
2828,MULLION CREEK,598
2829,MULLOON,160
2830,MULLUMBIMBY,3911
2831,MULLUMBIMBY CREEK,587
2832,MULWALA,2252
2833,MULYANDRY,68
2834,MUMBIL,304
2835,MUMBLEBONE PLAIN,26
2836,MUMBULLA MOUNTAIN,0
2837,MUMMEL,122
2838,MUMMULGUM,98
2839,MUNDAMIA,74
2840,MUNDARLO,80
2841,MUNDEROO,44
2842,MUNDONGO,207
2843,MUNGAY CREEK,144
2844,MUNGHORN,0
2845,MUNGINDI,636
2846,MUNGO,1
2847,MUNGO BRUSH,0
2848,MUNNI,41
2849,MUNYABLA,47
2850,MURGA,62
2851,MURRAH,53
2852,MURRAMI,240
2853,MURRAWOMBIE,8
2854,MURRAY DOWNS,262
2855,MURRAY GORGE,0
2856,MURRAYS BEACH,653
2857,MURRAYS RUN,164
2858,MURRENGENBURG,0
2859,MURRIN BRIDGE,87
2860,MURRINGO,370
2861,MURRULEBALE,45
2862,MURRUMBATEMAN,3362
2863,MURRUMBO,7
2864,MURRUMBUCCA,90
2865,MURRUMBURRAH,108
2866,MURRURUNDI,1006
2867,MURULLA,10
2868,MURWILLUMBAH,7379
2869,MUSCLE CREEK,318
2870,MUSWELLBROOK,12364
2871,MUTAWINTJI,30
2872,MUTTAMA,133
2873,MYALL CREEK,37
2874,MYALL LAKE,0
2875,MYALL PARK,200
2876,MYALLA,4
2877,MYLESTOM,350
2878,MYLNEFORD,80
2879,MYOCUM,1081
2880,MYOLA,109
2881,MYRTLE CREEK,89
2882,MYRTLE MOUNTAIN,52
2883,MYRTLE PARK,51
2884,MYRTLEVILLE,78
2885,MYSTERY BAY,199
2886,MYUNA BAY,13
2887,NABIAC,1312
2888,NADGEE,0
2889,NAMBUCCA HEADS,6398
2890,NAMOI RIVER,60
2891,NANA GLEN,1111
2892,NANGUS,207
2893,NANIMA,178
2894,NAPIER LANE,32
2895,NAPOLEON REEF,148
2896,NARADHAN,82
2897,NARARA,8204
2898,NARELLAN,3874
2899,NARELLAN VALE,7851
2900,NAREMBURN,6573
2901,NARONE CREEK,29
2902,NARWEE,5967
2903,NASHDALE,412
2904,NASHUA,267
2905,NATTAI,72
2906,NAUGHTONS GAP,76
2907,NEATH,526
2908,NEBEA,12
2909,NEILREX,75
2910,NELLIGEN,344
2911,NELSON (BEGA VALLEY),7
2912,NELSON (THE HILLS SHIRE),511
2913,NELSON BAY,6181
2914,NELSONS PLAINS,357
2915,NELUNGALOO,51
2916,NEMINGHA,712
2917,NERICON,298
2918,NERINGLA,23
2919,NERONG,113
2920,NERRIGA,77
2921,NERRIGUNDAH,27
2922,NETHERCOTE,354
2923,NEUREA,139
2924,NEUTRAL BAY,11483
2925,NEVER NEVER,0
2926,NEVERTIRE,187
2927,NEVILLE,248
2928,NEW BERRIMA,639
2929,NEW BRIGHTON,369
2930,NEW BUILDINGS,39
2931,NEW ITALY,191
2932,NEW LAMBTON,10404
2933,NEW LAMBTON HEIGHTS,2521
2934,NEW MEXICO,55
2935,NEW PARK,143
2936,NEW VALLEY,34
2937,NEWBOLD,8
2938,NEWBRIDGE,186
2939,NEWCASTLE,3099
2940,NAROOMA,2640
2941,NARRABARBA,13
2942,NARRABEEN,8695
2943,NARRABRI,7799
2944,NARRABURRA,64
2945,NARRAN LAKE,0
2946,NARRANDERA,4416
2947,NARRANGULLEN,27
2948,NARRAWA,88
2949,NARRAWALLEE,1287
2950,NARRAWEENA,7079
2951,NARROMINE,4770
2952,NEWCASTLE EAST,1156
2953,NEWCASTLE WEST,660
2954,NEWEE CREEK,423
2955,NEWINGTON,6396
2956,NEWNES,7
2957,NEWNES PLATEAU,0
2958,NEWPORT,9826
2959,NEWRYBAR,470
2960,NEWSTEAD,22
2961,NEWTON BOYD,25
2962,NEWTOWN,17173
2963,NIAGARA PARK,2781
2964,NIANGALA,121
2965,NIEMUR,35
2966,NIGHTCAP,0
2967,NIMBIN,1519
2968,NIMMITABEL,320
2969,NIMMO,15
2970,NOBBYS CREEK,268
2971,NOMBI,37
2972,NOONA,13
2973,NOORONG,17
2974,NOOROO,54
2975,NORAH HEAD,1148
2976,NORAVILLE,3055
2977,NORDS WHARF,959
2978,NORMANHURST,5458
2979,NORTH ALBURY,6328
2980,NORTH ARM,131
2981,NORTH ARM COVE,470
2982,NORTH AVOCA,2370
2983,NORTH BALGOWLAH,3943
2984,NORTH BATEMANS BAY,589
2985,NORTH BOAMBEE VALLEY,2096
2986,NORTH BONDI,10539
2987,NORTH BOURKE,294
2988,NORTH BROTHER,0
2989,NORTH CASINO,946
2990,NORTH CURL CURL,4519
2991,NORTH DORRIGO,188
2992,NORTH EPPING,4956
2993,NORTH GOSFORD,3836
2994,NORTH HAVEN,1751
2995,NORTH LAMBTON,3477
2996,NORTH LISMORE,775
2997,NORTH MACKSVILLE,617
2998,NORTH MACQUARIE,26
2999,NORTH MANLY,3425
3000,NORTH NAROOMA,621
3001,NORTH NARRABEEN,6300
3002,NUMINBAH,131
3003,NUMULGI,213
3004,NUNDERI,679
3005,NUNDLE,516
3006,NUNGATTA,0
3007,NUNGATTA SOUTH,0
3008,NURENMERENMONG,10
3009,NYMAGEE,103
3010,NYMBOIDA,302
3011,NYNGAN,2172
3012,NORTH NOWRA,5979
3013,NORTH PARRAMATTA,14368
3014,NORTH RICHMOND,5186
3015,NORTH ROCKS,8391
3016,NORTH ROTHBURY,1066
3017,NORTH RYDE,11735
3018,NORTH SHORE,370
3019,NORTH ST MARYS,4139
3020,NORTH STAR,236
3021,NORTH STRATHFIELD,5170
3022,NORTH SYDNEY,8684
3023,NORTH TAMWORTH,5560
3024,NORTH TUMBULGUM,272
3025,NORTH TURRAMURRA,4441
3026,NORTH WAGGA WAGGA,801
3027,NORTH WAHROONGA,2079
3028,NORTH WILLOUGHBY,4365
3029,NORTH WOLLONGONG,2867
3030,NORTH WOODBURN,94
3031,NORTH YALGOGRIN,86
3032,NORTH YEOVAL,84
3033,NORTHANGERA,44
3034,NORTHBRIDGE,6786
3035,NORTHMEAD,12213
3036,NORTHWOOD,1025
3037,NORWAY,62
3038,NOWENDOC,144
3039,NOWLEY,67
3040,NOWRA,9649
3041,NOWRA HILL,2199
3042,NUBBA,77
3043,NULKABA,778
3044,NULLAMANNA,164
3045,NULLICA,11
3046,NULLO MOUNTAIN,32
3047,NUMBAA,120
3048,NUMBER ONE,25
3049,NUMBLA VALE,39
3050,NUMBUGGA,124
3051,NUMERALLA,269
3052,NYORA,17
3053,NYRANG CREEK,23
3054,O'CONNELL,585
3055,OAK FLATS,6675
3056,OAKDALE,1999
3057,OAKEY PARK,341
3058,OAKHAMPTON,205
3059,OAKHAMPTON HEIGHTS,136
3060,OAKHURST,7399
3061,OAKLANDS,361
3062,OAKVILLE,2052
3063,OAKWOOD,169
3064,OALLEN,150
3065,OATLANDS,6092
3066,OATLEY,11124
3067,OBAN,10
3068,OBANVALE,18
3069,OBERNE CREEK,49
3070,OBERON,3292
3071,OBLEY,100
3072,OCEAN SHORES,5526
3073,OGUNBIL,157
3074,OLD ADAMINABY,33
3075,OLD BAR,4609
3076,OLD BONALBO,75
3077,OLD EROWAL BAY,1076
3078,OLD GREVILLIA,45
3079,OLD GUILDFORD,2823
3080,OLD JUNEE,275
3081,OLD MILL,14
3082,OLD STATION,29
3083,OLD TOONGABBIE,3326
3084,OLINDA,19
3085,OLNEY,0
3086,OMADALE,7
3087,ONE MILE,423
3088,ONE TREE,15
3089,OOLONG,61
3090,OOMA,34
3091,OOTHA,81
3092,OPHIR,128
3093,ORAN PARK,7285
3094,ORANGE,39797
3095,ORANGE GROVE,35
3096,ORANGEVILLE,1362
3097,ORCHARD HILLS,2036
3098,ORIENT POINT,622
3099,ORTON PARK,28
3100,OSBORNE,32
3101,OSTERLEY,122
3102,OSWALD,99
3103,OTFORD,377
3104,OURA,253
3105,OURIMBAH,4086
3106,OURNIE,35
3107,OWENS GAP,59
3108,OXFORD FALLS,144
3109,OXLEY (BALRANALD),32
3110,OXLEY (WARREN),7
3111,OXLEY ISLAND,329
3112,OXLEY PARK,3379
3113,OXLEY VALE,4037
3114,OYSTER BAY,5689
3115,OYSTER COVE,90
3116,PACKSADDLE,85
3117,PADDINGTON,14300
3118,PADDYS FLAT (KYOGLE),13
3119,PADDYS FLAT (SNOWY MONARO REGIONAL),0
3120,PADDYS RIVER (SNOWY VALLEYS),24
3121,PADDYS RIVER (WINGECARRIBEE),34
3122,PADSTOW,14172
3123,PADSTOW HEIGHTS,3734
3124,PAGANS FLAT,4
3125,PAGES CREEK,3
3126,PAGES RIVER,0
3127,PAGEWOOD,4076
3128,PALARANG,58
3129,PALERANG,0
3130,PALING YARDS (BATHURST REGIONAL),18
3131,PALING YARDS (OBERON),14
3132,PALLAL,86
3133,PALLAMALLAWA,444
3134,PALM BEACH,1696
3135,PALM GROVE,113
3136,PALMDALE,102
3137,PALMERS CHANNEL,123
3138,PALMERS ISLAND,467
3139,PALMERS OAKY,35
3140,PALMVALE,85
3141,PALMWOODS,118
3142,PAMBULA,1012
3143,PAMBULA BEACH,683
3144,PAMPOOLAH,407
3145,PAN BAN,26
3146,PANANIA,13321
3147,PANGEE,7
3148,PANUARA,68
3149,PAPPINBARRA,81
3150,PARA,1
3151,PARADISE,18
3152,PEAKHURST,11431
3153,PEAKHURST HEIGHTS,2555
3154,PEARCES CREEK,192
3155,PEARL BEACH,557
3156,PEATS RIDGE,402
3157,PEBBLY BEACH,2
3158,PEEL,302
3159,PEELWOOD,36
3160,PEJAR,53
3161,PELAW MAIN,1088
3162,PELICAN,917
3163,PELTON,95
3164,PEMBROOKE,136
3165,PEMULWUY,5383
3166,PENDLE HILL,7700
3167,PENNANT HILLS,7731
3168,PENRITH,14623
3169,PENROSE,263
3170,PENSHURST,13465
3171,PERICOE,10
3172,PERRYS CROSSING,1
3173,PERTHVILLE,622
3174,PETERSHAM,8885
3175,PHEASANTS NEST,719
3176,PHEGANS BAY,438
3177,PHILLIP BAY,772
3178,PHOENIX PARK,100
3179,PIALLAMORE,267
3180,PIALLAWAY,135
3181,PIAMBONG,156
3182,PICKETTS VALLEY,232
3183,PICNIC POINT,6551
3184,PARINGI,17
3185,PARKES,11653
3186,PARKESBOURNE,174
3187,PARKLEA,3754
3188,PARKVILLE,300
3189,PARMA,188
3190,PARRAMATTA,30051
3191,PARRAWEENA,40
3192,PATCHS BEACH,67
3193,PATERSON,917
3194,PATONGA,204
3195,PAUPONG,14
3196,PAXTON,973
3197,PAYNES CROSSING,124
3198,PAYTENS BRIDGE,105
3199,PEACOCK CREEK,25
3200,PEAK HILL,1133
3201,PEAK VIEW,50
3202,PICTON,5102
3203,PIGEONBAH,10
3204,PIGGABEEN,338
3205,PIKAPENE,3
3206,PILLAR VALLEY,307
3207,PILLIGA,214
3208,PILOT WILDERNESS,0
3209,PIMLICO,311
3210,PIMLICO ISLAND,0
3211,PINBEYAN,0
3212,PINDAROI,40
3213,PINDIMAR,341
3214,PINE CAMP,20
3215,PINE CLUMP,6
3216,PINE GROVE,10
3217,PINE LODGE,62
3218,PINE RIDGE,123
3219,PINE VALLEY,33
3220,PINEY RANGE,68
3221,PINKETT,61
3222,PINNACLE,40
3223,PINNACLE SWAMP,35
3224,PINNY BEACH,0
3225,PIORA,85
3226,PIPECLAY,65
3227,PITNACREE,44
3228,PITT TOWN,3397
3229,PITT TOWN BOTTOMS,106
3230,PLEASANT HILLS,136
3231,PLEASURE POINT,572
3232,PLUMPTON,9794
3233,POINT CLARE,3779
3234,POINT FREDERICK,2012
3235,POINT PIPER,1525
3236,POINT WOLSTONCROFT,0
3237,POINTER MOUNTAIN,10
3238,POKOLBIN,1045
3239,POLA CREEK,67
3240,POLO FLAT,24
3241,POMEROY,120
3242,POMONA,167
3243,PONTO,51
3244,POONCARIE,175
3245,PORT BOTANY,0
3246,PORT HACKING,1165
3247,PORT KEMBLA,5254
3248,PORT MACQUARIE,47059
3249,PORT STEPHENS,0
3250,PORTERS CREEK,0
3251,PORTERS RETREAT,59
3252,QUEENSCLIFF,3716
3253,QUIALIGO,263
3254,QUIDONG,12
3255,QUIERA,0
3256,PORTLAND,2471
3257,POSSUM BRUSH,152
3258,POSSUM CREEK,305
3259,POTATO POINT,140
3260,POTTERY ESTATE,137
3261,POTTS HILL,1446
3262,POTTS POINT,10746
3263,POTTSVILLE,7187
3264,PRAIRIEWOOD,3406
3265,PREMER,86
3266,PRESTONS,16934
3267,PRETTY BEACH (CENTRAL COAST),371
3268,PRETTY BEACH (SHOALHAVEN),0
3269,PRETTY PINE,65
3270,PRIMBEE,1670
3271,PRIMROSE VALLEY,152
3272,PROSPECT,5044
3273,PUCAWAN,35
3274,PUDDLEDOCK,47
3275,PULGANBAR,12
3276,PULLABOOKA,44
3277,PULLETOP,89
3278,PUMPENBIL,204
3279,PUNCHBOWL (CANTERBURY-BANKSTOWN),21700
3280,PUNCHBOWL (CLARENCE VALLEY),2
3281,PURFLEET,125
3282,PURLEWAUGH,101
3283,PUTNEY,4217
3284,PUTTA BUCCA,233
3285,PUTTY,165
3286,PYANGLE,20
3287,PYMBLE,11632
3288,PYRAMUL,75
3289,PYREE,105
3290,PYRMONT,14619
3291,QUAAMA,278
3292,QUAKERS HILL,28759
3293,QUAMBONE,170
3294,QUANDA,9
3295,QUANDARY,43
3296,QUANDIALLA,192
3297,QUEANBEYAN,6573
3298,QUEANBEYAN EAST,4183
3299,QUEANBEYAN WEST,3231
3300,QUEENS PARK,3405
3301,QUEENS PINCH,28
3302,QUIPOLLY,181
3303,QUIRINDI,3551
3304,QUORROBOLONG,540
3305,RABY,6116
3306,RAGLAN,1289
3307,RAINBOW FLAT,715
3308,RAINBOW REACH,84
3309,RALEIGH,652
3310,RAMORNIE,214
3311,RAMSGATE,1230
3312,RAMSGATE BEACH,1792
3313,RAND,214
3314,RANDWICK,32500
3315,RANGARI,37
3316,RANGERS VALLEY,27
3317,RANKIN PARK,2501
3318,RANKINS SPRINGS,177
3319,RANNOCK,60
3320,RAPPVILLE,165
3321,RATHMINES,1971
3322,RAVENSDALE,69
3323,RAVENSWOOD,496
3324,RAVENSWORTH,9
3325,RAWDON ISLAND,107
3326,RAWDON VALE,21
3327,RAWORTH,1913
3328,RAWSONVILLE,55
3329,RAYMOND TERRACE,12997
3330,RAZORBACK,1231
3331,RED HEAD,559
3332,RED HILL (SNOWY VALLEYS),0
3333,RED HILL (TAMWORTH REGIONAL),21
3334,RED HILL (WARREN),10
3335,RED RANGE,187
3336,RED ROCK,467
3337,RED ROCKS,6
3338,REDBANK,411
3339,REDBOURNBERRY,236
3340,REDDESTONE,55
3341,REDFERN,15337
3342,REDHEAD,3617
3343,REDLANDS,35
3344,REEDY CREEK,179
3345,REEDY SWAMP,80
3346,REEFTON,42
3347,REGENTS PARK,5213
3348,REGENTVILLE,803
3349,REIDS FLAT,87
3350,REIDSDALE,128
3351,RENNIE,45
3352,RENWICK,641
3353,REPENTANCE CREEK,108
3354,REPTON,659
3355,RESERVE CREEK,130
3356,RETREAT,53
3357,REVESBY,15144
3358,REVESBY HEIGHTS,1818
3359,RHINE FALLS,42
3360,RHODES,13142
3361,RICHLANDS,37
3362,RICHMOND,5695
3363,RICHMOND HILL,849
3364,RICHMOND LOWLANDS,46
3365,RICHMOND VALE,89
3366,RILEYS HILL,183
3367,RINGWOOD,37
3368,RIVERLEA,45
3369,RIVERSIDE,325
3370,RIVERSTONE,9225
3371,RIVERTREE,17
3372,RIVERVIEW,3703
3373,RIVERWOOD,13306
3374,RIXS CREEK,21
3375,ROB ROY,65
3376,ROBERTSON,1953
3377,ROBIN HILL,979
3378,ROCK FLAT,79
3379,ROCK FOREST,198
3380,ROCK VALLEY,264
3381,ROCKDALE,17174
3382,ROCKLEY,192
3383,ROCKLEY MOUNT,85
3384,ROCKTON,27
3385,ROCKY CREEK (GWYDIR),55
3386,ROCKY CREEK (INVERELL),11
3387,ROCKY GLEN,79
3388,ROCKY HALL,44
3389,ROCKY PLAIN,66
3390,ROCKY POINT,261
3391,ROCKY RIVER (TENTERFIELD),20
3392,ROCKY RIVER (URALLA),271
3393,RODD POINT,1473
3394,ROLLANDS PLAINS,162
3395,ROOKHURST,66
3396,ROOKWOOD,3
3397,ROOTY HILL,15628
3398,ROPERS ROAD,16
3399,ROPES CROSSING,6925
3400,ROSE BAY,10738
3401,ROSE VALLEY (KIAMA),79
3402,ROUGHIT,115
3403,ROUND MOUNTAIN,149
3404,ROUND SWAMP,19
3405,ROUS,238
3406,ROUS MILL,206
3407,ROUSE HILL,8991
3408,ROWAN,94
3409,ROWENA,181
3410,ROWLANDS CREEK,78
3411,ROYAL NATIONAL PARK,28
3412,ROYALLA,1030
3413,ROZELLE,9455
3414,RUBY CREEK,68
3415,RUFUS,25
3416,RUGBY,75
3417,RUKENVALE,31
3418,RUN-O-WATERS,516
3419,RUNNING STREAM,137
3420,RUNNYFORD,19
3421,RUSE,5759
3422,RUSHCUTTERS BAY,2911
3423,RUSHES CREEK,109
3424,RUSHFORTH,249
3425,RUSSELL LEA,5336
3426,RUSSELL VALE,1659
3427,RUTHERFORD,12802
3428,ROSE VALLEY (SNOWY MONARO REGIONAL),32
3429,ROSEBANK,425
3430,ROSEBERG,30
3431,ROSEBERRY,41
3432,ROSEBERRY CREEK,35
3433,ROSEBERY,12467
3434,ROSEBROOK,80
3435,ROSEDALE,221
3436,ROSEHILL,4463
3437,ROSELANDS,12389
3438,ROSEMEADOW,8105
3439,ROSEMEATH,21
3440,ROSEVILLE,10943
3441,ROSEVILLE CHASE,1784
3442,ROSEWOOD (PORT MACQUARIE-HASTINGS),233
3443,ROSEWOOD (SNOWY VALLEYS),219
3444,ROSLYN,92
3445,ROSSGLEN,60
3446,ROSSGOLE,3
3447,ROSSI,102
3448,ROSSMORE,2588
3449,ROTO,45
3450,ROUCHEL,152
3451,ROUCHEL BROOK,30
3452,RUTHVEN,108
3453,RYAN,16
3454,RYDAL,220
3455,RYDALMERE,7323
3456,RYDE,30262
3457,RYE PARK,269
3458,RYHOPE,26
3459,RYLSTONE,961
3460,SACKVILLE,315
3461,SACKVILLE NORTH,330
3462,SADDLEBACK MOUNTAIN,80
3463,SADLEIR,3322
3464,SAFETY BEACH,1006
3465,SALAMANDER BAY,5004
3466,SALISBURY,62
3467,SALISBURY PLAINS,87
3468,SALLYS FLAT,15
3469,SALT ASH,1220
3470,SALTWATER,2
3471,SAN ISIDORE,392
3472,SAN REMO,4481
3473,SANCROX,596
3474,SANCTUARY POINT,7553
3475,SANDBAR,2
3476,SANDGATE,334
3477,SANDIGO,89
3478,SANDILANDS,9
3479,SANDON,13
3480,SANDRINGHAM,1325
3481,SANDY BEACH,2392
3482,SANDY CREEK (COBAR),29
3483,SANDY CREEK (UPPER HUNTER SHIRE),22
3484,SANDY CROSSING,33
3485,SANDY FLAT,85
3486,SANDY GULLY,22
3487,SANDY HILL,28
3488,SANDY HOLLOW,165
3489,SANDY POINT,631
3490,SANGER,5
3491,SANS SOUCI,11045
3492,SAPPHIRE,42
3493,SAPPHIRE BEACH,2278
3494,SARATOGA,4114
3495,SASSAFRAS,32
3496,SAUMAREZ,92
3497,SAUMAREZ PONDS,447
3498,SAVERNAKE,99
3499,SAWPIT CREEK,12
3500,SAWTELL,3799
3501,SAWYERS GULLY,530
3502,SCARBOROUGH,329
3503,SCHEYVILLE,11
3504,SCHOFIELDS,8834
3505,SCONE,5625
3506,SCOTIA,27
3507,SCOTLAND ISLAND,611
3508,SCOTTS CREEK,24
3509,SCOTTS FLAT,40
3510,SCOTTS HEAD,955
3511,SEAFORTH,7532
3512,SEAHAM,1016
3513,SEAHAMPTON,310
3514,SEAL ROCKS,46
3515,SEBASTOPOL,60
3516,SEDGEFIELD,191
3517,SEELANDS,427
3518,SEFTON,6369
3519,SEGENHOE,226
3520,SEVEN HILLS,20512
3521,SEVEN OAKS,64
3522,SEXTONVILLE,21
3523,SHADFORTH,85
3524,SHALLOW BAY,47
3525,SHALVEY,3656
3526,SHANES PARK,503
3527,SHANNON BROOK,171
3528,SHANNON VALE,150
3529,SHANNONDALE,94
3530,SHANNONS FLAT,82
3531,SHARK CREEK,23
3532,SHARPS CREEK,17
3533,SHEEDYS GULLY,86
3534,SHELL COVE,6225
3535,SHELLHARBOUR,3956
3536,SHELLHARBOUR CITY CENTRE,252
3537,SHELLY BEACH,1359
3538,SHERWOOD (CLARENCE VALLEY),69
3539,SHERWOOD (KEMPSEY),146
3540,SHERWOOD (KYOGLE),26
3541,SHOAL BAY,1955
3542,SHOALHAVEN HEADS,3197
3543,SHOOTERS HILL,35
3544,SHORTLAND,4258
3545,SILENT GROVE,20
3546,SILVERDALE,3901
3547,SILVERTON,49
3548,SILVERWATER (LAKE MACQUARIE),310
3549,SILVERWATER (PARRAMATTA),4592
3550,SIMPKINS CREEK,21
3551,SINGLETON,5087
3552,SINGLETONS MILL,6
3553,SIX MILE SWAMP,0
3554,SKENNARS HEAD,1234
3555,SKILLION FLAT,79
3556,SKINNERS SHOOT,139
3557,SLEEPY HOLLOW,106
3558,SMEATON GRANGE,18
3559,SMITHFIELD,12822
3560,SMITHS CREEK (CLARENCE VALLEY),12
3561,SMITHS CREEK (KYOGLE),62
3562,SMITHS CREEK (TWEED),325
3563,SMITHS LAKE,1316
3564,SMITHTOWN,600
3565,SNAKES PLAIN,9
3566,SNOWBALL,0
3567,SNOWY PLAIN,0
3568,SODWALLS,73
3569,SOFALA,134
3570,SOLDIERS POINT,1527
3571,SOMERSBY,1099
3572,SOMERTON,289
3573,SOUTH ALBURY,1389
3574,SOUTH ARM (CLARENCE VALLEY),232
3575,SOUTH ARM (NAMBUCCA),325
3576,SOUTH BALLINA,37
3577,SOUTH BATHURST,1628
3578,SOUTH BOWENFELS,1192
3579,SOUTH COOGEE,6115
3580,SOUTH DURRAS,373
3581,SOUTH GOLDEN BEACH,873
3582,SOUTH GRAFTON,6158
3583,SOUTH GRANVILLE,6103
3584,SOUTH GUNDAGAI,819
3585,SOUTH GUNDURIMBA,332
3586,SOUTH GUYRA,334
3587,SOUTH HURSTVILLE,5577
3588,SOUTH KEMPSEY,2419
3589,SOUTH LISMORE,1853
3590,SOUTH LITTLETON,318
3591,SOUTH MAITLAND,522
3592,SOUTH MAROOTA,596
3593,SOUTH MURWILLUMBAH,1196
3594,SOUTH NOWRA,2181
3595,SOUTH PAMBULA,532
3596,SOUTH PENRITH,12122
3597,SOUTH TAMWORTH,6716
3598,SOUTH TURRAMURRA,3296
3599,SOUTH WENTWORTHVILLE,6948
3600,SINGLETON HEIGHTS,4771
3601,SINGLETON MILITARY AREA,326
3602,SOUTH WEST ROCKS,4735
3603,SOUTH WINDSOR,5996
3604,SOUTH WOLUMLA,179
3605,SOUTHAMPTON,26
3606,SOUTHGATE,191
3607,SPEERS POINT,3441
3608,SPEEWA,95
3609,SPENCER,313
3610,SPICERS CREEK,83
3611,SPICKETTS CREEK,49
3612,SPLITTERS CREEK,279
3613,SPRING CREEK,131
3614,SPRING FARM,5381
3615,SPRING FLAT,210
3616,SPRING GROVE,444
3617,SPRING HILL (CABONNE),503
3618,SPRING HILL (WOLLONGONG),0
3619,SPRING MOUNTAIN,19
3620,SPRING PLAINS,75
3621,SPRING RIDGE,246
3622,SPRING TERRACE,127
3623,SPRINGDALE,156
3624,SPRINGDALE HEIGHTS,2135
3625,SPRINGFIELD (CENTRAL COAST),4287
3626,SPRINGFIELD (SNOWY MONARO REGIONAL),39
3627,SPRINGRANGE,310
3628,SPRINGSIDE,307
3629,SPRINGVALE (LITHGOW),45
3630,SPRINGVALE (WAGGA WAGGA),1778
3631,SPRINGWOOD,8679
3632,ST ALBANS,164
3633,ST ANDREWS,6253
3634,ST CLAIR (PENRITH),20542
3635,ST CLAIR (SINGLETON),8
3636,ST FILLANS,248
3637,ST GEORGE,0
3638,ST GEORGES BASIN,3071
3639,ST HELENS PARK,6987
3640,ST HUBERTS ISLAND,1124
3641,ST IVES,18489
3642,ST IVES CHASE,3375
3643,ST JOHNS PARK,6304
3644,ST LEONARDS,6161
3645,ST MARYS,12997
3646,ST PETERS,3498
3647,STANBOROUGH,72
3648,STANBRIDGE,207
3649,STANFORD MERTHYR,555
3650,STANHOPE,152
3651,STANHOPE GARDENS,9806
3652,STUART TOWN,257
3653,STUARTS POINT,771
3654,STUBBO,235
3655,STUD PARK,50
3656,SUFFOLK PARK,4127
3657,SUGARLOAF,74
3658,SUMMER HILL (DUNGOG),59
3659,SUMMER HILL (INNER WEST),7778
3660,SUMMER HILL CREEK,228
3661,SUMMER ISLAND,97
3662,SUMMERLAND POINT,2655
3663,SUN VALLEY,228
3664,SUNNY CORNER,97
3665,SUNSET STRIP,81
3666,SUNSHINE,440
3667,SUNSHINE BAY,1256
3668,SUNTOP,75
3669,SURF BEACH,1911
3670,SURFSIDE,1373
3671,SURRY HILLS,18287
3672,STANMORE,8626
3673,STANNIFER,78
3674,STANNUM,57
3675,STANWELL PARK,1459
3676,STANWELL TOPS,556
3677,STATE MINE GULLY,18
3678,STEAM PLAINS,3
3679,STEEPLE FLAT,38
3680,STEWARTS BROOK,36
3681,STEWARTS RIVER,118
3682,STOCKINBINGAL,374
3683,STOCKRINGTON,89
3684,STOCKTON,4483
3685,STOCKYARD CREEK,45
3686,STOKERS SIDING,684
3687,STONEHENGE,129
3688,STONEQUARRY,20
3689,STONY CHUTE,171
3690,STONY CREEK (BEGA VALLEY),141
3691,STONY CREEK (MID-WESTERN REGIONAL),53
3692,STONY CROSSING,17
3693,STOTTS CREEK,4
3694,STRATFORD,154
3695,STRATHCEDAR,80
3696,STRATHEDEN,220
3697,STRATHFIELD,28409
3698,STRATHFIELD SOUTH,3909
3699,STROUD,935
3700,STROUD HILL,30
3701,STROUD ROAD,233
3702,SUSSEX INLET,3702
3703,SUTHERLAND,11440
3704,SUTTON,1782
3705,SUTTON FOREST,502
3706,SWAN BAY (PORT STEPHENS),353
3707,SWAN BAY (RICHMOND VALLEY),235
3708,SWAN CREEK,114
3709,SWAN VALE,43
3710,SWANBROOK,12
3711,SWANHAVEN,192
3712,SWANS CROSSING,0
3713,SWANSEA,5265
3714,SWANSEA HEADS,637
3715,SWEETMANS CREEK,63
3716,SYDENHAM,1214
3717,SYDNEY,19914
3718,SYDNEY OLYMPIC PARK,2796
3719,SYLVANIA,11269
3720,SYLVANIA WATERS,3377
3721,TABBIL CREEK,42
3722,TABBIMOBLE,34
3723,TABBITA,73
3724,TABLE TOP,1551
3725,TABULAM,473
3726,TACOMA,654
3727,TACOMA SOUTH,256
3728,TAHLEE,20
3729,TAHMOOR,5351
3730,TALARM,238
3731,TALAWANTA,29
3732,TALBINGO,237
3733,TALLAWANG,173
3734,TALLIMBA,180
3735,TALLONG,850
3736,TALLOWAL,0
3737,TALLOWWOOD RIDGE,48
3738,TALLWOOD,73
3739,TALLWOODS VILLAGE,734
3740,TALMALMO,58
3741,TALOFA,119
3742,TALOUMBI,107
3743,TAMARAMA,1781
3744,TAMBAN,97
3745,TAMBAR SPRINGS,187
3746,TAMBAROORA,41
3747,TAMINDA,53
3748,TAMWORTH,190
3749,TANGLEWOOD,100
3750,TANILBA BAY,3241
3751,TANJA,161
3752,TANNABAR,66
3753,TANNAS MOUNT,45
3754,TANTANGARA,0
3755,TANTAWANGALO,160
3756,TANTONAN,27
3757,TAPITALLEE,630
3758,TARA,30
3759,TARADALE,33
3760,TARAGO,453
3761,TARALGA,494
3762,TARANA,174
3763,TARBAN,8
3764,TARBUCK BAY,203
3765,TARCUTTA,456
3766,TAREE,16499
3767,TAREE SOUTH,331
3768,TAREN POINT,1853
3769,TARLO,175
3770,TARRAGANDA,341
3771,TARRAWANNA,2155
3772,TARRIARO,118
3773,TARRO,1667
3774,TASCOTT,1643
3775,TATHAM,207
3776,TATHRA,1704
3777,TATTON,2720
3778,TAYLORS ARM,148
3779,TAYLORS BEACH,124
3780,TAYLORS FLAT,61
3781,TEA GARDENS,3027
3782,TELARAH,2488
3783,TELEGRAPH POINT,601
3784,TELOPEA,5897
3785,TEMAGOG,238
3786,TEMORA,4793
3787,TEMPE,3792
3788,TEN MILE HOLLOW,1
3789,TENAMBIT,3037
3790,TENANDRA,80
3791,TENNYSON,389
3792,TENNYSON POINT,1300
3793,TENTERDEN,33
3794,TENTERFIELD,4065
3795,TERALBA,1637
3796,TERANIA CREEK,193
3797,TERARA,238
3798,TERIDGERIE,57
3799,TERMEIL,268
3800,TERRABELLA,19
3801,TERRACE CREEK,48
3802,TEWINGA,92
3803,TEXAS,41
3804,THALGARRAH,183
3805,THARBOGANG,522
3806,THE ANGLE,97
3807,THE BIGHT,70
3808,THE BRANCH,86
3809,THE BROTHERS,36
3810,THE CHANNON,388
3811,THE DEVILS WILDERNESS,0
3812,THE ENTRANCE,4225
3813,THE ENTRANCE NORTH,1589
3814,THE FRESHWATER,7
3815,THE GAP (RICHMOND VALLEY),0
3816,THE GAP (WAGGA WAGGA),66
3817,THE GLEN,7
3818,THE GULF,0
3819,THE HATCH,43
3820,THE HILL,2132
3821,THE JUNCTION,1080
3822,THE LAGOON,222
3823,THE MARRA,56
3824,THE MEADOWS,5
3825,THE OAKS,2698
3826,THE PILLIGA,0
3827,THE PINNACLES,86
3828,THE POCKET,300
3829,THE PONDS,13810
3830,THE RIDGEWAY,171
3831,THE RISK,64
3832,THE ROCK,1269
3833,THE ROCKS (BATHURST REGIONAL),62
3834,THE ROCKS (SYDNEY),938
3835,THE SANDON,2
3836,THE SLOPES,338
3837,THE WHITEMAN,139
3838,THERESA CREEK,71
3839,THERESA PARK,567
3840,THIRLDENE,6
3841,THIRLMERE,4339
3842,THIRROUL,6499
3843,THORA,342
3844,TERRAGON,76
3845,TERRAMUNGAMINE,286
3846,TERRANORA,3036
3847,TERREEL,7
3848,TERREY HILLS,3175
3849,TERRIGAL,12119
3850,TERRY HIE HIE,75
3851,TEVEN,312
3852,THORNLEIGH,8781
3853,THORNTON,9036
3854,THRUMSTER,696
3855,THUDDUNGRA,114
3856,THULE,31
3857,THUMB CREEK,25
3858,THURGOONA,9373
3859,THYRA,12
3860,TIANJARA,0
3861,TIBBUC,29
3862,TIBOOBURRA,134
3863,TICHBORNE,79
3864,TICHULAR,2
3865,TIGHES HILL,1793
3866,TILBA TILBA,96
3867,TILBUSTER,62
3868,TILLIGERRY CREEK,0
3869,TILPA,44
3870,TIMBARRA,29
3871,TIMBILLICA,8
3872,TIMBUMBURI,146
3873,TIMOR,59
3874,TINDAREY,36
3875,TINDERRY,76
3876,TINGHA,825
3877,TINGIRA HEIGHTS,2206
3878,TINONEE,1123
3879,TINPOT,6
3880,TINTENBAR,869
3881,TINTINHULL,402
3882,TIONA,2
3883,TIPPERARY,35
3884,TIRI,2
3885,TIRRANNAVILLE,241
3886,TITAATEE CREEK,16
3887,TOCAL,52
3888,TOCUMWAL,2748
3889,TOLLAND,3406
3890,TOLWONG,0
3891,TOMAGO,283
3892,TOMAKIN,1048
3893,TOMALLA,19
3894,TOMBONG,16
3895,TOMBOYE,42
3896,TOMERONG,1102
3897,TOMEWIN,112
3898,TOMINGLEY,310
3899,TOMKI,81
3900,TOMS CREEK,42
3901,TONDERBURINE,60
3902,TRENTHAM CLIFFS,70
3903,TREWILGA,37
3904,TRIAMBLE,19
3905,TRIANGLE FLAT,58
3906,TRUNDLE,680
3907,TRUNGLEY HALL,81
3908,TRUNKEY CREEK,122
3909,TUBBAMURRA,17
3910,TUBBUL,76
3911,TUCABIA,365
3912,TUCKI TUCKI,175
3913,TUCKOMBIL,261
3914,TUCKURIMBA,105
3915,TUENA,64
3916,TONGARRA,112
3917,TOOGONG,80
3918,TOOLEYBUC,289
3919,TOOLIJOOA,135
3920,TOOLOOM,23
3921,TOOLOON,48
3922,TOOMA,110
3923,TOONGABBIE,15326
3924,TOONGI,62
3925,TOONUMBAR,40
3926,TOORANIE,6
3927,TOORAWEENAH,229
3928,TOORMINA,6354
3929,TOOROOKA,50
3930,TOOTHDALE,185
3931,TOOTOOL,77
3932,TOOWOON BAY,581
3933,TOPI TOPI,56
3934,TORONTO,5671
3935,TORRINGTON,83
3936,TORRYBURN (DUNGOG),153
3937,TORRYBURN (URALLA),39
3938,TOTNES VALLEY,34
3939,TOTTENHAM,469
3940,TOUGA,0
3941,TOUKLEY,4833
3942,TOWALLUM,0
3943,TOWAMBA,232
3944,TOWNSEND,934
3945,TOWRADGI,3279
3946,TOWRANG,185
3947,TRALEE,9
3948,TRANGIE,1199
3949,TREGEAGLE,451
3950,TREGEAR,4198
3951,TRENAYR,88
3952,TUGGERAH,944
3953,TUGGERAWONG,1335
3954,TUGRABAKH,80
3955,TULLAKOOL,74
3956,TULLAMORE,423
3957,TULLARWALLA,1
3958,TULLERA,283
3959,TULLIBIGEAL,231
3960,TULLIMBAR,555
3961,TULLOONA,50
3962,TULLYMORGAN,136
3963,TUMBARUMBA,1892
3964,TUMBI UMBI,5299
3965,TUMBLONG,201
3966,TUMBULGUM,403
3967,TUMORRAMA,35
3968,TUMUT,6293
3969,TUMUT PLAINS,59
3970,TUNCESTER,75
3971,TUNCURRY,6372
3972,TUNGLEBUNG,28
3973,TUNTABLE CREEK,199
3974,TUPPAL,12
3975,TURA BEACH,3334
3976,TURILL,106
3977,TURLINJAH,162
3978,TURNERS FLAT,148
3979,TURONDALE,87
3980,TUROSS,12
3981,TUROSS HEAD,2258
3982,TURRAMURRA,12554
3983,TURRAWAN,72
3984,TURRELLA,3019
3985,TURVEY PARK,3453
3986,TWEED HEADS,8534
3987,TWEED HEADS SOUTH,7782
3988,TWEED HEADS WEST,6496
3989,TWELVE MILE,32
3990,TWELVE MILE CREEK,166
3991,TWELVE MILE PEG,0
3992,TWENTY FORESTS,0
3993,TWIN RIVERS,36
3994,TWO MILE FLAT,95
3995,TYAGARAH,163
3996,TYALGUM,575
3997,TYALGUM CREEK,108
3998,TYGALGAH,132
3999,TYNDALE,177
4000,TYRINGHAM,98
4001,UARBRY,47
4002,UKI,708
4003,ULAMAMBRI,212
4004,ULAN,59
4005,ULLADULLA,7019
4006,ULMARRA,783
4007,ULONG,237
4008,ULTIMO,10026
4009,UMINA BEACH,17597
4010,UNANDERRA,5581
4011,UNDERBANK,33
4012,UNDERCLIFFE,14
4013,UNGARIE,558
4014,UNUMGAR,24
4015,UPPER ALLYN,10
4016,UPPER BINGARA,32
4017,UPPER BURRINGBAR,294
4018,UPPER BYLONG,6
4019,UPPER COLO,61
4020,UPPER COOPERS CREEK,70
4021,UPPER COPMANHURST,81
4022,UPPER CORINDI,165
4023,UPPER CRYSTAL CREEK,197
4024,UPPER DARTBROOK,149
4025,UPPER DUCK CREEK,4
4026,UPPER DUROBY,105
4027,UPPER EDEN CREEK,44
4028,UPPER FINE FLOWER,30
4029,UPPER GROWEE,8
4030,UPPER HORSESHOE CREEK,120
4031,UPPER HORTON,174
4032,UPPER KANGAROO RIVER,123
4033,UPPER KANGAROO VALLEY,0
4034,UPPER KARUAH RIVER,4
4035,UPPER LANSDOWNE,592
4036,UPPER MACDONALD,32
4037,UPPER MAIN ARM,245
4038,UPPER MANGROVE,1
4039,UPPER MANILLA,129
4040,UPPER MONGOGARIE,24
4041,UPPER MYALL,24
4042,UPPER NILE,10
4043,UPPER ORARA,852
4044,UPPER PAPPINBARRA,61
4045,UPPER ROLLANDS PLAINS,153
4046,UPPER ROUCHEL,71
4047,UPPER TAYLORS ARM,123
4048,UPPER TOOLOOM,45
4049,UPPER TURON,10
4050,UPPER WILSONS CREEK,78
4051,UPSALLS CREEK,123
4052,VALE OF CLWYDD,493
4053,VALENTINE,5675
4054,VALERY,147
4055,VALLA,982
4056,VALLA BEACH,1349
4057,VALLEY HEIGHTS,1224
4058,VARROVILLE,119
4059,VAUCLUSE,10072
4060,VERGES CREEK,239
4061,VERONA,283
4062,VILLAWOOD,6588
4063,VINCENTIA,3563
4064,VINEYARD,1251
4065,VIOLET HILL,0
4066,VITTORIA,62
4067,VOYAGER POINT,1747
4068,WADALBA,3333
4069,WADBILLIGA,0
4070,WADEVILLE,171
4071,WAGGA WAGGA,7399
4072,WAGSTAFFE,226
4073,WAHROONGA,18313
4074,WAITARA,6681
4075,WAITUI,109
4076,WAKEFIELD,157
4077,WAKELEY,4907
4078,WAKOOL,295
4079,WALANG,89
4080,WALBUNDRIE,155
4081,WALCHA,2567
4082,WALCHA ROAD,52
4083,WALDEGRAVE,28
4084,WALGETT,2165
4085,WALLA WALLA,855
4086,WALLABADAH,432
4087,WALLABI POINT,753
4088,URALBA,226
4089,URALLA,2780
4090,URANA,409
4091,URANGELINE,18
4092,URANGELINE EAST,18
4093,URANQUINTY,948
4094,URAWILKIE,12
4095,URBENVILLE,323
4096,URIARRA,30
4097,URILA,149
4098,URLIUP,203
4099,URUNGA,3077
4100,UTUNGUN,166
4101,VACY,653
4102,WALLACETOWN,4
4103,WALLACIA,1771
4104,WALLAGA LAKE,589
4105,WALLAGOOT,548
4106,WALLALONG,1062
4107,WALLAMORE,121
4108,WALLANBAH,82
4109,WALLANGRA,103
4110,WALLANTHERY,35
4111,WALLARAH,396
4112,WALLARINGA,14
4113,WALLAROBBA,175
4114,WALLAROO,741
4115,WALLENDBEEN,266
4116,WALLERAWANG,2041
4117,WALLEROOBIE,71
4118,WALLINGAT,0
4119,WALLIS LAKE,1
4120,WALLSEND,12828
4121,WALMER,39
4122,WAMBAN,89
4123,WAMBANGALANG,95
4124,WAMBERAL,6929
4125,WAMBOIN,1811
4126,WAMBOOL,36
4127,WANDANDIAN,331
4128,WANDELLA,140
4129,WANDERA,21
4130,WANDOOK,45
4131,WANDSWORTH,98
4132,WANG WAUK,94
4133,WANGANELLA,83
4134,WANGANUI,55
4135,WANGI WANGI,2809
4136,WANTABADGERY,195
4137,WANTAGONG,58
4138,WANTIOOL,42
4139,WAPENGO,75
4140,WARABROOK,2014
4141,WARATAH,4663
4142,WARATAH WEST,3125
4143,WARBURN,98
4144,WARDELL,897
4145,WARDROP VALLEY,91
4146,WARDS MISTAKE,22
4147,WARDS RIVER,181
4148,WAREEMBA,1668
4149,WARIALDA,1602
4150,WATTLE GROVE,9386
4151,WATTLE PONDS,1138
4152,WATTLE RIDGE,4
4153,WATTLE SPRINGS,72
4154,WATTON,82
4155,WAUCHOPE,6657
4156,WAUGORAH,11
4157,WAUKIVORY,100
4158,WARIALDA RAIL,119
4159,WARILLA,6655
4160,WARKWORTH,49
4161,WARNERS BAY,7821
4162,WARNERVALE,692
4163,WARRABAH,2
4164,WARRADERRY,92
4165,WARRAGAI CREEK,105
4166,WARRAGAMBA,1317
4167,WARRAGOON,118
4168,WARRAH,51
4169,WARRAH CREEK,90
4170,WARRAH RIDGE,98
4171,WARRAL,395
4172,WARRANULLA,35
4173,WARRAWEE,3093
4174,WARRAWIDGEE,90
4175,WARRAWONG,4930
4176,WARRAZAMBIL CREEK,21
4177,WARREGAH ISLAND,25
4178,WARRELL CREEK,256
4179,WARREN,1370
4180,WARRI,117
4181,WARRIEWOOD,8025
4182,WARRIMOO,2512
4183,WARROO,130
4184,WARRUMBUNGLE,5
4185,WARWICK FARM,6753
4186,WASHPOOL (CLARENCE VALLEY),0
4187,WASHPOOL (MID-COAST),36
4188,WATAGAN,130
4189,WATANOBBI,4062
4190,WATERFALL,492
4191,WATERLOO,17410
4192,WATERSLEIGH,28
4193,WATERVIEW,80
4194,WATERVIEW HEIGHTS,1362
4195,WATSONS BAY,923
4196,WATSONS CREEK,120
4197,WATTAMOLLA,63
4198,WATTAMONDARA,211
4199,WATTLE FLAT,259
4200,WAVERLEY,4817
4201,WAVERLY,54
4202,WAVERTON,3248
4203,WAY WAY,254
4204,WAYO,123
4205,WEABONGA,52
4206,WEAN,24
4207,WEBBERS CREEK,29
4208,WEBBS CREEK,46
4209,WEDDERBURN,660
4210,WEE JASPER,108
4211,WEE WAA,2119
4212,WEEDALLION,15
4213,WEEMELAH,77
4214,WEETALIBA,49
4215,WEETHALLE,252
4216,WEILMORINGLE,73
4217,WEISMANTELS,28
4218,WELAREGANG,39
4219,WELBY,787
4220,WELLINGROVE,98
4221,WELLINGTON,4345
4222,WELLINGTON VALE,37
4223,WELLS CROSSING,167
4224,WENDOREE PARK,137
4225,WENTWORTH,1501
4226,WENTWORTH FALLS,6253
4227,WENTWORTH POINT,9188
4228,WENTWORTHVILLE,12241
4229,WERAI,93
4230,WEREBOLDERA,2
4231,WERMATONG,43
4232,WEROMBI,996
4233,WERRI BEACH,606
4234,WERRIKIMBE,0
4235,WERRINGTON,4422
4236,WERRINGTON COUNTY,3762
4237,WERRINGTON DOWNS,3345
4238,WERRIS CREEK,1599
4239,WEST ALBURY,3992
4240,WEST BALLINA,3213
4241,WEST BATHURST,3853
4242,WEST BUNGAWALBIN,64
4243,WEST CORAKI,120
4244,WEST GOSFORD,1395
4245,WEST HAVEN,1185
4246,WEST HOXTON,11237
4247,WEST KEMPSEY,5134
4248,WEST NOWRA,1456
4249,WEST PENNANT HILLS,17211
4250,WEST PYMBLE,5691
4251,WEST RYDE,14708
4252,WEST TAMWORTH,5320
4253,WEST WALLSEND,2357
4254,WEST WIANGAREE,112
4255,WEST WOLLONGONG,5166
4256,WEST WYALONG,3171
4257,WESTBROOK,153
4258,WESTDALE (SNOWY VALLEYS),0
4259,WESTDALE (TAMWORTH REGIONAL),2915
4260,WESTLEIGH,4617
4261,WESTMEAD,18014
4262,WESTON,3854
4263,WESTWOOD,9
4264,WETHERILL PARK,6342
4265,WETUPPA,6
4266,WHALAN,6309
4267,WHALE BEACH,276
4268,WHEELER HEIGHTS,3216
4269,WHEENY CREEK,21
4270,WHEEO,78
4271,WHERROL FLAT,331
4272,WHIAN WHIAN,144
4273,WHIPORIE,73
4274,WHITE CLIFFS,144
4275,WHITE ROCK,849
4276,WHITEBRIDGE,2691
4277,WHITEMAN CREEK,165
4278,WHITLOW,49
4279,WHITTINGHAM,372
4280,WHITTON,521
4281,WHOOTA,67
4282,WIAGDON,36
4283,WIANGAREE,133
4284,WIARBOROUGH,17
4285,WICKHAM,1124
4286,WIDDEN,66
4287,WIDGELLI,70
4288,WILBERFORCE,3055
4289,WILBETREE,29
4290,WILCANNIA,793
4291,WILD CATTLE CREEK,0
4292,WILDES MEADOW,275
4293,WILEY PARK,10961
4294,WILLALA,58
4295,WILLAWARRIN,193
4296,WILLBRIGGIE,136
4297,WILLI WILLI,29
4298,WILLIAMSDALE,66
4299,WILLIAMTOWN,934
4300,WINDERMERE,60
4301,WINDERMERE PARK,718
4302,WINDEYER,191
4303,WINDOWIE,27
4304,WINDRADYNE,3021
4305,WINDSOR,1926
4306,WINDSOR DOWNS,1202
4307,WINDY,0
4308,WINEGROVE,37
4309,WINGADEE,17
4310,WINGELLO,612
4311,WINGEN,326
4312,WINGHAM,5479
4313,WINIFRED,31
4314,WINMALEE,6375
4315,WINSTON HILLS,12261
4316,WINTON,222
4317,WIRLINGA,136
4318,WIRRABA,0
4319,WIRRAGULLA,27
4320,WIRRIMAH,66
4321,WIRRIMBI,85
4322,WIRRINYA,89
4323,WISEMANS CREEK,116
4324,WISEMANS FERRY,230
4325,WITTITRIN,88
4326,WOG WOG (BEGA VALLEY),0
4327,WOG WOG (QUEANBEYAN-PALERANG REGIONAL),18
4328,WOKO,7
4329,WOLGAN VALLEY,71
4330,WILLIGOBUNG,50
4331,WILLINA,59
4332,WILLMOT,2607
4333,WILLOUGHBY,7080
4334,WILLOUGHBY EAST,1911
4335,WILLOW TREE,312
4336,WILLOW VALE (KIAMA),87
4337,WILLOW VALE (WINGECARRIBEE),775
4338,WILLURAH,0
4339,WILPINJONG,0
4340,WILSONS CREEK,503
4341,WILTON,3526
4342,WIMBLEDON,108
4343,WIMBORNE,21
4344,WINBURNDALE,0
4345,WINDALE,3418
4346,WINDANG,2711
4347,WINDELLA,821
4348,WINDELLAMA,355
4349,WINDERA,322
4350,WOLLANGAMBE,0
4351,WOLLAR,72
4352,WOLLEMI,0
4353,WOLLI CREEK,7781
4354,WOLLOGORANG,65
4355,WOLLOMBI,198
4356,WOLLOMOMBI,112
4357,WOLLONGBAR,2998
4358,WOLLONGONG,20617
4359,WOLLSTONECRAFT,9016
4360,WOLLUMBOOLA,29
4361,WOLLUN,68
4362,WOLUMLA,692
4363,WOMBARRA,905
4364,WOMBAT,227
4365,WOMBAT CREEK,6
4366,WOMBEYAN CAVES,56
4367,WOMBOOTA,105
4368,WOMERAH,0
4369,WONBOYN,104
4370,WONBOYN NORTH,1
4371,WONDABYNE,6
4372,WONDALGA,103
4373,WONGARBON,800
4374,WONGAWILLI,168
4375,WONGO CREEK,23
4376,WONGWIBINDA,63
4377,WOODBERRY,3005
4378,WOODBINE,2952
4379,WOODBURN (RICHMOND VALLEY),765
4380,WOODBURN (SHOALHAVEN),55
4381,WOODCROFT,6992
4382,WOODENBONG,375
4383,WOODFORD,1966
4384,WOODFORD ISLAND,238
4385,WOODHILL,77
4386,WOODHOUSELEE,18
4387,WOODLANDS (EUROBODALLA),75
4388,WOODLANDS (WINGECARRIBEE),275
4389,WOODLAWN,41
4390,WOODPARK,1591
4391,WOODRISING,1172
4392,WOODSIDE,45
4393,WOODSREEF,75
4394,WOODSTOCK (COWRA),729
4395,WOODSTOCK (INVERELL),32
4396,WOODSTOCK (SHOALHAVEN),260
4397,WOODVIEW,146
4398,WOODVILLE,427
4399,WOODY HEAD,2
4400,WYONGAH,2140
4401,WYRALLAH,453
4402,WOOLBROOK,183
4403,WOOLGARLO,27
4404,WOOLGOOLGA,5608
4405,WOOLI,427
4406,WOOLLAHRA,8003
4407,WOOLLAMIA,581
4408,WOOLLOOMOOLOO,4634
4409,WOOLNERS ARM,9
4410,WOOLOMIN,282
4411,WOOLOOMA,42
4412,WOOLOOWARE,4303
4413,WOOLOWEYAH,413
4414,WOOLWICH,865
4415,WOOMARGAMA,162
4416,WOOMBAH,876
4417,WOONGARRAH,5708
4418,WOONONA,12873
4419,WOOTTON,205
4420,WOOYUNG,120
4421,WORLDS END,4
4422,WORONORA,2248
4423,WORONORA DAM,6
4424,WORONORA HEIGHTS,2831
4425,WORRIGEE,5363
4426,WORROWING HEIGHTS,530
4427,WOY WOY,11043
4428,WOY WOY BAY,456
4429,WRATHALL,20
4430,WRIGHTS BEACH,137
4431,WRIGHTS CREEK,25
4432,WUULUMAN,834
4433,WYALONG,658
4434,WYAN,42
4435,WYANBENE,32
4436,WYANGALA,186
4437,WYANGLE,45
4438,WYBONG,125
4439,WYBUNG,0
4440,WYEE,2626
4441,WYEE POINT,1220
4442,WYLIE CREEK,17
4443,WYLIES FLAT,56
4444,WYMAH,39
4445,WYNDHAM,390
4446,WYNEDEN,48
4447,WYOMING,10526
4448,WYONG,4506
4449,WYONG CREEK,441
4450,YABBRA,7
4451,YADBORO,7
4452,YAGON,0
4453,YAGOONA,19496
4454,YALBRAITH,16
4455,YALLAH,146
4456,YALLAROI,119
4457,YALWAL,1
4458,YAMBA,6184
4459,YAMBULLA,0
4460,YANCO,1006
4461,YANDERRA,695
4462,YANGA,34
4463,YANKEES CREEK,0
4464,YANNERGEE,26
4465,YANTABULLA,30
4466,YAOUK,22
4467,YARARA,24
4468,YARRA,178
4469,YARRABANDAI,34
4470,YARRABIN,88
4471,YARRAGAL,20
4472,YARRAGRIN,32
4473,YARRAGUNDRY,76
4474,YARRAHAPINNI,200
4475,YARRAMALONG,360
4476,YARRAMAN,13
4477,YARRAMUNDI,901
4478,YARRANBELLA,185
4479,YARRANGOBILLY,2
4480,YARRAS (BATHURST REGIONAL),11
4481,YARRAS (PORT MACQUARIE-HASTINGS),66
4482,YARRATT FOREST,0
4483,YARRAVEL,1155
4484,YARRAWA,99
4485,YARRAWARRAH,2777
4486,YARRAWONGA,440
4487,YARRAWONGA PARK,389
4488,YARRIE LAKE,70
4489,YARROW,10
4490,YARROWFORD,69
4491,YARROWITCH,164
4492,YARROWYCK,129
4493,YASS,6679
4494,YASS RIVER,353
4495,YATHELLA,143
4496,YATTALUNGA,563
4497,YATTE YATTAH,191
4498,YAVEN CREEK,62
4499,YELGUN,115
4500,YESSABAH,109
4501,YETHOLME,246
4502,YETMAN,209
4503,YIPPIN CREEK,203
4504,YOOGALI,1296
4505,YORKLEA,407
4506,YOUNG,10505
4507,YOWIE BAY,3216
4508,YOWRIE,114
4509,YULLUNDRY,21
4510,YURAYGIR,0
4511,ZARA,75
4512,ZETLAND,12347
4513,YELLOW DAM,12
4514,YELLOW PINCH,49
4515,YELLOW ROCK (BLUE MOUNTAINS),1068
4516,YELLOW ROCK (SHELLHARBOUR),216
4517,YENDA,1573
4518,YENGO NATIONAL PARK,1
4519,YENNORA,1704
4520,YEOVAL,453
4521,YERONG CREEK,373
4522,YERRANDERIE,3
4523,YERRINBOOL,1225
4524,YERRIYONG,30
